SKU,ProductName,Category,Segment,Collection,SupplierID,UnitCostTRY,ListPriceTRY,GrossMarginPct,LeadTimeDays,MOQ,CasePack,TargetServiceLevel,BaseWeeklyDemand,LaunchDate,LifecycleStage
DRE-001,Satin Dresse,Dresses,Premium,Autumn/Winter,SUP-004,1126.95,2810,0.599,7,24,8,0.95,69.34,2022-06-24,Mature
DRE-002,Midi Dresse,Dresses,Trend,Spring/Summer,SUP-005,1243.9,3190,0.6101,35,24,8,0.97,53.75,2022-08-16,Growth
DRE-003,Wrap Dresse,Dresses,Core,Autumn/Winter,SUP-006,987.19,2470,0.6003,21,24,4,0.97,48.2,2022-07-27,Mature
DRE-004,Linen Dresse,Dresses,Core,Autumn/Winter,SUP-007,1353.59,3120,0.5662,28,60,12,0.95,74.24,2023-05-17,Core
DRE-005,Evening Dresse,Dresses,Trend,Autumn/Winter,SUP-008,738.16,2080,0.6451,7,24,6,0.95,62.61,2023-08-09,Core
DRE-006,Ribbed Dresse,Dresses,Core,Spring/Summer,SUP-001,1318.68,3150,0.5814,10,40,10,0.97,73.19,2023-03-04,Core
DRE-007,Floral Dresse,Dresses,Core,Autumn/Winter,SUP-002,1239.11,3150,0.6066,18,24,8,0.98,40.73,2022-09-29,Mature
DRE-008,Minimal Dresse,Dresses,Premium,Spring/Summer,SUP-003,998.25,2920,0.6581,14,30,10,0.95,46.45,2022-12-01,Mature
DRE-009,Pleated Dresse,Dresses,Core,Permanent,SUP-004,776.24,1880,0.5871,7,24,6,0.98,55.24,2022-01-25,Mature
DRE-010,Signature Dresse,Dresses,Core,Spring/Summer,SUP-005,1038.37,3110,0.6661,35,48,8,0.95,62.78,2023-09-04,Core
KNI-001,Merino Knitwear,Knitwear,Core,Autumn/Winter,SUP-006,424.7,1070,0.6031,21,32,8,0.93,58.02,2023-06-14,Growth
KNI-002,Cable Knitwear,Knitwear,Trend,Permanent,SUP-007,978.94,2360,0.5852,28,18,6,0.97,45.98,2022-07-24,Mature
KNI-003,Soft Knitwear,Knitwear,Core,Permanent,SUP-008,803.1,1970,0.5923,7,40,10,0.97,52.86,2022-03-23,Growth
KNI-004,Ribbed Knitwear,Knitwear,Core,Spring/Summer,SUP-001,623.94,1460,0.5726,10,48,12,0.97,43.86,2022-04-06,Core
KNI-005,Mockneck Knitwear,Knitwear,Trend,Permanent,SUP-002,390.06,1020,0.6176,18,20,4,0.95,51.32,2022-03-24,Mature
KNI-006,Cardigan Knitwear,Knitwear,Premium,Spring/Summer,SUP-003,462.69,1140,0.5941,14,60,10,0.95,34.44,2023-08-01,Core
KNI-007,Fine Knitwear,Knitwear,Trend,Spring/Summer,SUP-004,716.69,1830,0.6084,7,24,6,0.95,58.57,2022-11-08,Mature
KNI-008,Oversized Knitwear,Knitwear,Core,Permanent,SUP-005,445.2,1080,0.5878,35,24,4,0.97,47.56,2022-02-09,Core
KNI-009,Crew Knitwear,Knitwear,Trend,Permanent,SUP-006,443.8,1230,0.6392,21,48,12,0.95,47.9,2023-10-18,Mature
KNI-010,Essential Knitwear,Knitwear,Core,Permanent,SUP-007,378.69,960,0.6055,28,24,6,0.97,42.79,2022-12-10,Growth
OUT-001,Trench Outerwear,Outerwear,Core,Permanent,SUP-008,837.42,1840,0.5449,7,60,10,0.93,23.85,2022-02-14,Mature
OUT-002,Wool Outerwear,Outerwear,Premium,Autumn/Winter,SUP-001,1412.59,3290,0.5706,10,30,6,0.97,38.96,2022-03-12,Growth
OUT-003,Puffer Outerwear,Outerwear,Trend,Autumn/Winter,SUP-002,1002.37,2210,0.5464,18,50,10,0.95,23.22,2023-03-27,Core
OUT-004,Tailored Outerwear,Outerwear,Core,Permanent,SUP-003,1555.5,3410,0.5438,14,24,6,0.97,21.35,2022-07-12,Growth
OUT-005,Cropped Outerwear,Outerwear,Trend,Autumn/Winter,SUP-004,786.78,1970,0.6006,7,40,8,0.95,25.57,2023-03-22,Growth
OUT-006,Belted Outerwear,Outerwear,Core,Autumn/Winter,SUP-005,1814.03,3630,0.5003,35,60,10,0.98,22.91,2022-02-12,Core
OUT-007,Quilted Outerwear,Outerwear,Trend,Permanent,SUP-006,2002.5,4530,0.5579,21,40,8,0.95,36.71,2022-03-10,Mature
OUT-008,Classic Outerwear,Outerwear,Core,Autumn/Winter,SUP-007,1340.76,3030,0.5575,28,18,6,0.95,21.97,2023-07-09,Growth
OUT-009,Urban Outerwear,Outerwear,Core,Spring/Summer,SUP-008,1253.65,2920,0.5707,7,16,4,0.97,33.5,2022-06-13,Growth
OUT-010,Storm Outerwear,Outerwear,Core,Permanent,SUP-001,1687.75,4130,0.5913,10,36,6,0.95,25.45,2022-02-05,Core
TOP-001,Silk Top,Tops,Trend,Spring/Summer,SUP-002,403.84,1170,0.6548,18,32,8,0.95,59.29,2023-03-18,Core
TOP-002,Cotton Top,Tops,Core,Autumn/Winter,SUP-003,553.67,1580,0.6496,14,30,10,0.97,55.97,2023-07-15,Growth
TOP-003,Linen Top,Tops,Trend,Spring/Summer,SUP-004,343.65,960,0.642,7,36,6,0.97,61.75,2023-09-13,Growth
TOP-004,Draped Top,Tops,Core,Permanent,SUP-005,507.1,1490,0.6597,35,30,10,0.98,61.38,2022-09-28,Mature
TOP-005,Bodysuit Top,Tops,Core,Spring/Summer,SUP-006,533.41,1410,0.6217,21,48,12,0.95,63.06,2023-04-18,Core
TOP-006,Oxford Top,Tops,Premium,Permanent,SUP-007,668.62,1870,0.6424,28,48,12,0.95,75.13,2023-08-02,Core
TOP-007,Essential Top,Tops,Core,Spring/Summer,SUP-008,241.52,690,0.65,7,18,6,0.97,76.71,2022-05-23,Growth
TOP-008,Relaxed Top,Tops,Core,Spring/Summer,SUP-001,697.12,1770,0.6061,10,60,12,0.95,59.95,2023-02-15,Mature
TOP-009,Studio Top,Tops,Trend,Spring/Summer,SUP-002,344.68,980,0.6483,18,32,8,0.95,90.58,2022-04-23,Growth
TOP-010,Signature Top,Tops,Core,Permanent,SUP-003,244.34,710,0.6559,14,40,8,0.97,78.11,2023-09-28,Mature
BOT-001,Tailored Bottom,Bottoms,Core,Permanent,SUP-004,820.98,1810,0.5464,7,72,12,0.97,56.58,2022-11-29,Mature
BOT-002,Wide-Leg Bottom,Bottoms,Trend,Spring/Summer,SUP-005,498.77,1250,0.601,35,12,4,0.93,58.94,2022-06-22,Core
BOT-003,Straight Bottom,Bottoms,Premium,Permanent,SUP-006,525.96,1360,0.6133,21,72,12,0.97,56.43,2022-01-14,Core
BOT-004,Satin Bottom,Bottoms,Core,Spring/Summer,SUP-007,954.47,2270,0.5795,28,72,12,0.93,42.74,2023-06-15,Core
BOT-005,Pleated Bottom,Bottoms,Core,Permanent,SUP-008,650.09,1650,0.606,7,30,6,0.98,55.62,2022-05-21,Mature
BOT-006,Cargo Bottom,Bottoms,Core,Permanent,SUP-001,755.72,1840,0.5893,10,24,8,0.93,63.52,2022-05-24,Mature
BOT-007,Cropped Bottom,Bottoms,Trend,Spring/Summer,SUP-002,724.11,1920,0.6229,18,12,4,0.93,51.45,2022-11-18,Growth
BOT-008,Relaxed Bottom,Bottoms,Premium,Autumn/Winter,SUP-003,809.21,1930,0.5807,14,60,10,0.98,42.62,2023-05-17,Core
BOT-009,Classic Bottom,Bottoms,Core,Spring/Summer,SUP-004,908.09,2270,0.6,7,48,12,0.98,36.3,2022-02-18,Core
BOT-010,Studio Bottom,Bottoms,Core,Permanent,SUP-005,547.22,1300,0.5791,35,50,10,0.98,41.58,2022-04-10,Mature
ACC-001,Leather Accessorie,Accessories,Premium,Autumn/Winter,SUP-006,336.33,960,0.6497,21,60,10,0.95,61.87,2022-08-04,Core
ACC-002,Silk Accessorie,Accessories,Premium,Permanent,SUP-007,246.44,770,0.6799,28,40,8,0.97,49.92,2023-07-17,Core
ACC-003,Chain Accessorie,Accessories,Trend,Permanent,SUP-008,450.66,1430,0.6849,7,16,4,0.98,52.59,2022-01-10,Core
ACC-004,Minimal Accessorie,Accessories,Core,Permanent,SUP-001,321.62,1020,0.6847,10,48,12,0.95,55.39,2023-04-18,Growth
ACC-005,Signature Accessorie,Accessories,Core,Autumn/Winter,SUP-002,307.95,840,0.6334,18,60,12,0.98,46.36,2022-06-22,Mature
ACC-006,Structured Accessorie,Accessories,Premium,Autumn/Winter,SUP-003,174.0,540,0.6778,14,24,8,0.98,76.54,2022-10-02,Mature
ACC-007,Everyday Accessorie,Accessories,Trend,Autumn/Winter,SUP-004,416.94,1330,0.6865,7,36,6,0.97,56.55,2023-07-30,Growth
ACC-008,Statement Accessorie,Accessories,Trend,Autumn/Winter,SUP-005,282.57,860,0.6714,35,16,4,0.97,65.43,2023-03-10,Growth
ACC-009,Classic Accessorie,Accessories,Premium,Permanent,SUP-006,390.94,1200,0.6742,21,72,12,0.95,52.14,2022-10-13,Mature
ACC-010,Luxe Accessorie,Accessories,Core,Autumn/Winter,SUP-007,338.46,1030,0.6714,28,24,4,0.95,62.68,2022-04-10,Core
