WeekStart,Year,Quarter,MonthNo,Month,YearMonth,ISOWeek,WeekLabel,WeekIndex,IsForecast
2023-01-02,2023,Q1,1,January,2023-01,1,2023-W01,1,False
2023-01-09,2023,Q1,1,January,2023-01,2,2023-W02,2,False
2023-01-16,2023,Q1,1,January,2023-01,3,2023-W03,3,False
2023-01-23,2023,Q1,1,January,2023-01,4,2023-W04,4,False
2023-01-30,2023,Q1,1,January,2023-01,5,2023-W05,5,False
2023-02-06,2023,Q1,2,February,2023-02,6,2023-W06,6,False
2023-02-13,2023,Q1,2,February,2023-02,7,2023-W07,7,False
2023-02-20,2023,Q1,2,February,2023-02,8,2023-W08,8,False
2023-02-27,2023,Q1,2,February,2023-02,9,2023-W09,9,False
2023-03-06,2023,Q1,3,March,2023-03,10,2023-W10,10,False
2023-03-13,2023,Q1,3,March,2023-03,11,2023-W11,11,False
2023-03-20,2023,Q1,3,March,2023-03,12,2023-W12,12,False
2023-03-27,2023,Q1,3,March,2023-03,13,2023-W13,13,False
2023-04-03,2023,Q2,4,April,2023-04,14,2023-W14,14,False
2023-04-10,2023,Q2,4,April,2023-04,15,2023-W15,15,False
2023-04-17,2023,Q2,4,April,2023-04,16,2023-W16,16,False
2023-04-24,2023,Q2,4,April,2023-04,17,2023-W17,17,False
2023-05-01,2023,Q2,5,May,2023-05,18,2023-W18,18,False
2023-05-08,2023,Q2,5,May,2023-05,19,2023-W19,19,False
2023-05-15,2023,Q2,5,May,2023-05,20,2023-W20,20,False
2023-05-22,2023,Q2,5,May,2023-05,21,2023-W21,21,False
2023-05-29,2023,Q2,5,May,2023-05,22,2023-W22,22,False
2023-06-05,2023,Q2,6,June,2023-06,23,2023-W23,23,False
2023-06-12,2023,Q2,6,June,2023-06,24,2023-W24,24,False
2023-06-19,2023,Q2,6,June,2023-06,25,2023-W25,25,False
2023-06-26,2023,Q2,6,June,2023-06,26,2023-W26,26,False
2023-07-03,2023,Q3,7,July,2023-07,27,2023-W27,27,False
2023-07-10,2023,Q3,7,July,2023-07,28,2023-W28,28,False
2023-07-17,2023,Q3,7,July,2023-07,29,2023-W29,29,False
2023-07-24,2023,Q3,7,July,2023-07,30,2023-W30,30,False
2023-07-31,2023,Q3,7,July,2023-07,31,2023-W31,31,False
2023-08-07,2023,Q3,8,August,2023-08,32,2023-W32,32,False
2023-08-14,2023,Q3,8,August,2023-08,33,2023-W33,33,False
2023-08-21,2023,Q3,8,August,2023-08,34,2023-W34,34,False
2023-08-28,2023,Q3,8,August,2023-08,35,2023-W35,35,False
2023-09-04,2023,Q3,9,September,2023-09,36,2023-W36,36,False
2023-09-11,2023,Q3,9,September,2023-09,37,2023-W37,37,False
2023-09-18,2023,Q3,9,September,2023-09,38,2023-W38,38,False
2023-09-25,2023,Q3,9,September,2023-09,39,2023-W39,39,False
2023-10-02,2023,Q4,10,October,2023-10,40,2023-W40,40,False
2023-10-09,2023,Q4,10,October,2023-10,41,2023-W41,41,False
2023-10-16,2023,Q4,10,October,2023-10,42,2023-W42,42,False
2023-10-23,2023,Q4,10,October,2023-10,43,2023-W43,43,False
2023-10-30,2023,Q4,10,October,2023-10,44,2023-W44,44,False
2023-11-06,2023,Q4,11,November,2023-11,45,2023-W45,45,False
2023-11-13,2023,Q4,11,November,2023-11,46,2023-W46,46,False
2023-11-20,2023,Q4,11,November,2023-11,47,2023-W47,47,False
2023-11-27,2023,Q4,11,November,2023-11,48,2023-W48,48,False
2023-12-04,2023,Q4,12,December,2023-12,49,2023-W49,49,False
2023-12-11,2023,Q4,12,December,2023-12,50,2023-W50,50,False
2023-12-18,2023,Q4,12,December,2023-12,51,2023-W51,51,False
2023-12-25,2023,Q4,12,December,2023-12,52,2023-W52,52,False
2024-01-01,2024,Q1,1,January,2024-01,1,2024-W01,53,False
2024-01-08,2024,Q1,1,January,2024-01,2,2024-W02,54,False
2024-01-15,2024,Q1,1,January,2024-01,3,2024-W03,55,False
2024-01-22,2024,Q1,1,January,2024-01,4,2024-W04,56,False
2024-01-29,2024,Q1,1,January,2024-01,5,2024-W05,57,False
2024-02-05,2024,Q1,2,February,2024-02,6,2024-W06,58,False
2024-02-12,2024,Q1,2,February,2024-02,7,2024-W07,59,False
2024-02-19,2024,Q1,2,February,2024-02,8,2024-W08,60,False
2024-02-26,2024,Q1,2,February,2024-02,9,2024-W09,61,False
2024-03-04,2024,Q1,3,March,2024-03,10,2024-W10,62,False
2024-03-11,2024,Q1,3,March,2024-03,11,2024-W11,63,False
2024-03-18,2024,Q1,3,March,2024-03,12,2024-W12,64,False
2024-03-25,2024,Q1,3,March,2024-03,13,2024-W13,65,False
2024-04-01,2024,Q2,4,April,2024-04,14,2024-W14,66,False
2024-04-08,2024,Q2,4,April,2024-04,15,2024-W15,67,False
2024-04-15,2024,Q2,4,April,2024-04,16,2024-W16,68,False
2024-04-22,2024,Q2,4,April,2024-04,17,2024-W17,69,False
2024-04-29,2024,Q2,4,April,2024-04,18,2024-W18,70,False
2024-05-06,2024,Q2,5,May,2024-05,19,2024-W19,71,False
2024-05-13,2024,Q2,5,May,2024-05,20,2024-W20,72,False
2024-05-20,2024,Q2,5,May,2024-05,21,2024-W21,73,False
2024-05-27,2024,Q2,5,May,2024-05,22,2024-W22,74,False
2024-06-03,2024,Q2,6,June,2024-06,23,2024-W23,75,False
2024-06-10,2024,Q2,6,June,2024-06,24,2024-W24,76,False
2024-06-17,2024,Q2,6,June,2024-06,25,2024-W25,77,False
2024-06-24,2024,Q2,6,June,2024-06,26,2024-W26,78,False
2024-07-01,2024,Q3,7,July,2024-07,27,2024-W27,79,False
2024-07-08,2024,Q3,7,July,2024-07,28,2024-W28,80,False
2024-07-15,2024,Q3,7,July,2024-07,29,2024-W29,81,False
2024-07-22,2024,Q3,7,July,2024-07,30,2024-W30,82,False
2024-07-29,2024,Q3,7,July,2024-07,31,2024-W31,83,False
2024-08-05,2024,Q3,8,August,2024-08,32,2024-W32,84,False
2024-08-12,2024,Q3,8,August,2024-08,33,2024-W33,85,False
2024-08-19,2024,Q3,8,August,2024-08,34,2024-W34,86,False
2024-08-26,2024,Q3,8,August,2024-08,35,2024-W35,87,False
2024-09-02,2024,Q3,9,September,2024-09,36,2024-W36,88,False
2024-09-09,2024,Q3,9,September,2024-09,37,2024-W37,89,False
2024-09-16,2024,Q3,9,September,2024-09,38,2024-W38,90,False
2024-09-23,2024,Q3,9,September,2024-09,39,2024-W39,91,False
2024-09-30,2024,Q3,9,September,2024-09,40,2024-W40,92,False
2024-10-07,2024,Q4,10,October,2024-10,41,2024-W41,93,False
2024-10-14,2024,Q4,10,October,2024-10,42,2024-W42,94,False
2024-10-21,2024,Q4,10,October,2024-10,43,2024-W43,95,False
2024-10-28,2024,Q4,10,October,2024-10,44,2024-W44,96,False
2024-11-04,2024,Q4,11,November,2024-11,45,2024-W45,97,False
2024-11-11,2024,Q4,11,November,2024-11,46,2024-W46,98,False
2024-11-18,2024,Q4,11,November,2024-11,47,2024-W47,99,False
2024-11-25,2024,Q4,11,November,2024-11,48,2024-W48,100,False
2024-12-02,2024,Q4,12,December,2024-12,49,2024-W49,101,False
2024-12-09,2024,Q4,12,December,2024-12,50,2024-W50,102,False
2024-12-16,2024,Q4,12,December,2024-12,51,2024-W51,103,False
2024-12-23,2024,Q4,12,December,2024-12,52,2024-W52,104,False
2024-12-30,2024,Q4,12,December,2024-12,1,2025-W01,105,False
2025-01-06,2025,Q1,1,January,2025-01,2,2025-W02,106,False
2025-01-13,2025,Q1,1,January,2025-01,3,2025-W03,107,False
2025-01-20,2025,Q1,1,January,2025-01,4,2025-W04,108,False
2025-01-27,2025,Q1,1,January,2025-01,5,2025-W05,109,False
2025-02-03,2025,Q1,2,February,2025-02,6,2025-W06,110,False
2025-02-10,2025,Q1,2,February,2025-02,7,2025-W07,111,False
2025-02-17,2025,Q1,2,February,2025-02,8,2025-W08,112,False
2025-02-24,2025,Q1,2,February,2025-02,9,2025-W09,113,False
2025-03-03,2025,Q1,3,March,2025-03,10,2025-W10,114,False
2025-03-10,2025,Q1,3,March,2025-03,11,2025-W11,115,False
2025-03-17,2025,Q1,3,March,2025-03,12,2025-W12,116,False
2025-03-24,2025,Q1,3,March,2025-03,13,2025-W13,117,False
2025-03-31,2025,Q1,3,March,2025-03,14,2025-W14,118,False
2025-04-07,2025,Q2,4,April,2025-04,15,2025-W15,119,False
2025-04-14,2025,Q2,4,April,2025-04,16,2025-W16,120,False
2025-04-21,2025,Q2,4,April,2025-04,17,2025-W17,121,False
2025-04-28,2025,Q2,4,April,2025-04,18,2025-W18,122,False
2025-05-05,2025,Q2,5,May,2025-05,19,2025-W19,123,False
2025-05-12,2025,Q2,5,May,2025-05,20,2025-W20,124,False
2025-05-19,2025,Q2,5,May,2025-05,21,2025-W21,125,False
2025-05-26,2025,Q2,5,May,2025-05,22,2025-W22,126,False
2025-06-02,2025,Q2,6,June,2025-06,23,2025-W23,127,False
2025-06-09,2025,Q2,6,June,2025-06,24,2025-W24,128,False
2025-06-16,2025,Q2,6,June,2025-06,25,2025-W25,129,False
2025-06-23,2025,Q2,6,June,2025-06,26,2025-W26,130,False
2025-06-30,2025,Q2,6,June,2025-06,27,2025-W27,131,False
2025-07-07,2025,Q3,7,July,2025-07,28,2025-W28,132,False
2025-07-14,2025,Q3,7,July,2025-07,29,2025-W29,133,False
2025-07-21,2025,Q3,7,July,2025-07,30,2025-W30,134,False
2025-07-28,2025,Q3,7,July,2025-07,31,2025-W31,135,False
2025-08-04,2025,Q3,8,August,2025-08,32,2025-W32,136,False
2025-08-11,2025,Q3,8,August,2025-08,33,2025-W33,137,False
2025-08-18,2025,Q3,8,August,2025-08,34,2025-W34,138,False
2025-08-25,2025,Q3,8,August,2025-08,35,2025-W35,139,False
2025-09-01,2025,Q3,9,September,2025-09,36,2025-W36,140,False
2025-09-08,2025,Q3,9,September,2025-09,37,2025-W37,141,False
2025-09-15,2025,Q3,9,September,2025-09,38,2025-W38,142,False
2025-09-22,2025,Q3,9,September,2025-09,39,2025-W39,143,False
2025-09-29,2025,Q3,9,September,2025-09,40,2025-W40,144,False
2025-10-06,2025,Q4,10,October,2025-10,41,2025-W41,145,False
2025-10-13,2025,Q4,10,October,2025-10,42,2025-W42,146,False
2025-10-20,2025,Q4,10,October,2025-10,43,2025-W43,147,False
2025-10-27,2025,Q4,10,October,2025-10,44,2025-W44,148,False
2025-11-03,2025,Q4,11,November,2025-11,45,2025-W45,149,False
2025-11-10,2025,Q4,11,November,2025-11,46,2025-W46,150,False
2025-11-17,2025,Q4,11,November,2025-11,47,2025-W47,151,False
2025-11-24,2025,Q4,11,November,2025-11,48,2025-W48,152,False
2025-12-01,2025,Q4,12,December,2025-12,49,2025-W49,153,False
2025-12-08,2025,Q4,12,December,2025-12,50,2025-W50,154,False
2025-12-15,2025,Q4,12,December,2025-12,51,2025-W51,155,False
2025-12-22,2025,Q4,12,December,2025-12,52,2025-W52,156,False
2025-12-29,2025,Q4,12,December,2025-12,1,2026-W01,157,False
2026-01-05,2026,Q1,1,January,2026-01,2,2026-W02,158,True
2026-01-12,2026,Q1,1,January,2026-01,3,2026-W03,159,True
2026-01-19,2026,Q1,1,January,2026-01,4,2026-W04,160,True
2026-01-26,2026,Q1,1,January,2026-01,5,2026-W05,161,True
2026-02-02,2026,Q1,2,February,2026-02,6,2026-W06,162,True
2026-02-09,2026,Q1,2,February,2026-02,7,2026-W07,163,True
2026-02-16,2026,Q1,2,February,2026-02,8,2026-W08,164,True
2026-02-23,2026,Q1,2,February,2026-02,9,2026-W09,165,True
2026-03-02,2026,Q1,3,March,2026-03,10,2026-W10,166,True
2026-03-09,2026,Q1,3,March,2026-03,11,2026-W11,167,True
2026-03-16,2026,Q1,3,March,2026-03,12,2026-W12,168,True
2026-03-23,2026,Q1,3,March,2026-03,13,2026-W13,169,True
2026-03-30,2026,Q1,3,March,2026-03,14,2026-W14,170,True
2026-04-06,2026,Q2,4,April,2026-04,15,2026-W15,171,True
2026-04-13,2026,Q2,4,April,2026-04,16,2026-W16,172,True
2026-04-20,2026,Q2,4,April,2026-04,17,2026-W17,173,True
2026-04-27,2026,Q2,4,April,2026-04,18,2026-W18,174,True
2026-05-04,2026,Q2,5,May,2026-05,19,2026-W19,175,True
2026-05-11,2026,Q2,5,May,2026-05,20,2026-W20,176,True
2026-05-18,2026,Q2,5,May,2026-05,21,2026-W21,177,True
2026-05-25,2026,Q2,5,May,2026-05,22,2026-W22,178,True
2026-06-01,2026,Q2,6,June,2026-06,23,2026-W23,179,True
2026-06-08,2026,Q2,6,June,2026-06,24,2026-W24,180,True
2026-06-15,2026,Q2,6,June,2026-06,25,2026-W25,181,True
2026-06-22,2026,Q2,6,June,2026-06,26,2026-W26,182,True
2026-06-29,2026,Q2,6,June,2026-06,27,2026-W27,183,True
2026-07-06,2026,Q3,7,July,2026-07,28,2026-W28,184,True
2026-07-13,2026,Q3,7,July,2026-07,29,2026-W29,185,True
2026-07-20,2026,Q3,7,July,2026-07,30,2026-W30,186,True
2026-07-27,2026,Q3,7,July,2026-07,31,2026-W31,187,True
2026-08-03,2026,Q3,8,August,2026-08,32,2026-W32,188,True
2026-08-10,2026,Q3,8,August,2026-08,33,2026-W33,189,True
2026-08-17,2026,Q3,8,August,2026-08,34,2026-W34,190,True
2026-08-24,2026,Q3,8,August,2026-08,35,2026-W35,191,True
2026-08-31,2026,Q3,8,August,2026-08,36,2026-W36,192,True
2026-09-07,2026,Q3,9,September,2026-09,37,2026-W37,193,True
2026-09-14,2026,Q3,9,September,2026-09,38,2026-W38,194,True
2026-09-21,2026,Q3,9,September,2026-09,39,2026-W39,195,True
2026-09-28,2026,Q3,9,September,2026-09,40,2026-W40,196,True
2026-10-05,2026,Q4,10,October,2026-10,41,2026-W41,197,True
2026-10-12,2026,Q4,10,October,2026-10,42,2026-W42,198,True
2026-10-19,2026,Q4,10,October,2026-10,43,2026-W43,199,True
2026-10-26,2026,Q4,10,October,2026-10,44,2026-W44,200,True
2026-11-02,2026,Q4,11,November,2026-11,45,2026-W45,201,True
2026-11-09,2026,Q4,11,November,2026-11,46,2026-W46,202,True
2026-11-16,2026,Q4,11,November,2026-11,47,2026-W47,203,True
2026-11-23,2026,Q4,11,November,2026-11,48,2026-W48,204,True
2026-11-30,2026,Q4,11,November,2026-11,49,2026-W49,205,True
2026-12-07,2026,Q4,12,December,2026-12,50,2026-W50,206,True
2026-12-14,2026,Q4,12,December,2026-12,51,2026-W51,207,True
2026-12-21,2026,Q4,12,December,2026-12,52,2026-W52,208,True
2026-12-28,2026,Q4,12,December,2026-12,53,2026-W53,209,True
