PromotionID,CampaignName,WeekStart,Category,DiscountPct,MarketingSpendTRY
PROMO-20230109-DRE,Winter Edit,2023-01-09,Dresses,0.1,23400.0
PROMO-20230109-KNI,Winter Edit,2023-01-09,Knitwear,0.18,27720.0
PROMO-20230109-OUT,Winter Edit,2023-01-09,Outerwear,0.18,27720.0
PROMO-20230109-TOP,Winter Edit,2023-01-09,Tops,0.1,23400.0
PROMO-20230109-BOT,Winter Edit,2023-01-09,Bottoms,0.1,23400.0
PROMO-20230109-ACC,Winter Edit,2023-01-09,Accessories,0.1,23400.0
PROMO-20230116-DRE,Winter Edit,2023-01-16,Dresses,0.1,23400.0
PROMO-20230116-KNI,Winter Edit,2023-01-16,Knitwear,0.18,27720.0
PROMO-20230116-OUT,Winter Edit,2023-01-16,Outerwear,0.18,27720.0
PROMO-20230116-TOP,Winter Edit,2023-01-16,Tops,0.1,23400.0
PROMO-20230116-BOT,Winter Edit,2023-01-16,Bottoms,0.1,23400.0
PROMO-20230116-ACC,Winter Edit,2023-01-16,Accessories,0.1,23400.0
PROMO-20230306-DRE,Spring Launch,2023-03-06,Dresses,0.12,24480.0
PROMO-20230306-KNI,Spring Launch,2023-03-06,Knitwear,0.12,24480.0
PROMO-20230306-OUT,Spring Launch,2023-03-06,Outerwear,0.12,24480.0
PROMO-20230306-TOP,Spring Launch,2023-03-06,Tops,0.12,24480.0
PROMO-20230306-BOT,Spring Launch,2023-03-06,Bottoms,0.12,24480.0
PROMO-20230306-ACC,Spring Launch,2023-03-06,Accessories,0.12,24480.0
PROMO-20230320-DRE,Spring Launch,2023-03-20,Dresses,0.12,24480.0
PROMO-20230320-KNI,Spring Launch,2023-03-20,Knitwear,0.12,24480.0
PROMO-20230320-OUT,Spring Launch,2023-03-20,Outerwear,0.12,24480.0
PROMO-20230320-TOP,Spring Launch,2023-03-20,Tops,0.12,24480.0
PROMO-20230320-BOT,Spring Launch,2023-03-20,Bottoms,0.12,24480.0
PROMO-20230320-ACC,Spring Launch,2023-03-20,Accessories,0.12,24480.0
PROMO-20230612-DRE,Summer Selects,2023-06-12,Dresses,0.2,28800.0
PROMO-20230612-KNI,Summer Selects,2023-06-12,Knitwear,0.12,24480.0
PROMO-20230612-OUT,Summer Selects,2023-06-12,Outerwear,0.12,24480.0
PROMO-20230612-TOP,Summer Selects,2023-06-12,Tops,0.2,28800.0
PROMO-20230612-BOT,Summer Selects,2023-06-12,Bottoms,0.12,24480.0
PROMO-20230612-ACC,Summer Selects,2023-06-12,Accessories,0.12,24480.0
PROMO-20230703-DRE,Summer Selects,2023-07-03,Dresses,0.2,28800.0
PROMO-20230703-KNI,Summer Selects,2023-07-03,Knitwear,0.12,24480.0
PROMO-20230703-OUT,Summer Selects,2023-07-03,Outerwear,0.12,24480.0
PROMO-20230703-TOP,Summer Selects,2023-07-03,Tops,0.2,28800.0
PROMO-20230703-BOT,Summer Selects,2023-07-03,Bottoms,0.12,24480.0
PROMO-20230703-ACC,Summer Selects,2023-07-03,Accessories,0.12,24480.0
PROMO-20230724-DRE,Summer Selects,2023-07-24,Dresses,0.2,28800.0
PROMO-20230724-KNI,Summer Selects,2023-07-24,Knitwear,0.12,24480.0
PROMO-20230724-OUT,Summer Selects,2023-07-24,Outerwear,0.12,24480.0
PROMO-20230724-TOP,Summer Selects,2023-07-24,Tops,0.2,28800.0
PROMO-20230724-BOT,Summer Selects,2023-07-24,Bottoms,0.12,24480.0
PROMO-20230724-ACC,Summer Selects,2023-07-24,Accessories,0.12,24480.0
PROMO-20230911-DRE,New Season,2023-09-11,Dresses,0.1,23400.0
PROMO-20230911-KNI,New Season,2023-09-11,Knitwear,0.1,23400.0
PROMO-20230911-OUT,New Season,2023-09-11,Outerwear,0.1,23400.0
PROMO-20230911-TOP,New Season,2023-09-11,Tops,0.1,23400.0
PROMO-20230911-BOT,New Season,2023-09-11,Bottoms,0.1,23400.0
PROMO-20230911-ACC,New Season,2023-09-11,Accessories,0.1,23400.0
PROMO-20230925-DRE,New Season,2023-09-25,Dresses,0.1,23400.0
PROMO-20230925-KNI,New Season,2023-09-25,Knitwear,0.1,23400.0
PROMO-20230925-OUT,New Season,2023-09-25,Outerwear,0.1,23400.0
PROMO-20230925-TOP,New Season,2023-09-25,Tops,0.1,23400.0
PROMO-20230925-BOT,New Season,2023-09-25,Bottoms,0.1,23400.0
PROMO-20230925-ACC,New Season,2023-09-25,Accessories,0.1,23400.0
PROMO-20231106-DRE,Singles Week,2023-11-06,Dresses,0.18,27720.0
PROMO-20231106-KNI,Singles Week,2023-11-06,Knitwear,0.18,27720.0
PROMO-20231106-OUT,Singles Week,2023-11-06,Outerwear,0.18,27720.0
PROMO-20231106-TOP,Singles Week,2023-11-06,Tops,0.18,27720.0
PROMO-20231106-BOT,Singles Week,2023-11-06,Bottoms,0.18,27720.0
PROMO-20231106-ACC,Singles Week,2023-11-06,Accessories,0.18,27720.0
PROMO-20231120-DRE,Black Friday,2023-11-20,Dresses,0.28,41400.0
PROMO-20231120-KNI,Black Friday,2023-11-20,Knitwear,0.28,41400.0
PROMO-20231120-OUT,Black Friday,2023-11-20,Outerwear,0.28,41400.0
PROMO-20231120-TOP,Black Friday,2023-11-20,Tops,0.28,41400.0
PROMO-20231120-BOT,Black Friday,2023-11-20,Bottoms,0.28,41400.0
PROMO-20231120-ACC,Black Friday,2023-11-20,Accessories,0.28,41400.0
PROMO-20231127-DRE,Black Friday,2023-11-27,Dresses,0.28,41400.0
PROMO-20231127-KNI,Black Friday,2023-11-27,Knitwear,0.28,41400.0
PROMO-20231127-OUT,Black Friday,2023-11-27,Outerwear,0.28,41400.0
PROMO-20231127-TOP,Black Friday,2023-11-27,Tops,0.28,41400.0
PROMO-20231127-BOT,Black Friday,2023-11-27,Bottoms,0.28,41400.0
PROMO-20231127-ACC,Black Friday,2023-11-27,Accessories,0.28,41400.0
PROMO-20231211-DRE,Holiday Gifting,2023-12-11,Dresses,0.15,26100.0
PROMO-20231211-KNI,Holiday Gifting,2023-12-11,Knitwear,0.15,26100.0
PROMO-20231211-OUT,Holiday Gifting,2023-12-11,Outerwear,0.15,26100.0
PROMO-20231211-TOP,Holiday Gifting,2023-12-11,Tops,0.15,26100.0
PROMO-20231211-BOT,Holiday Gifting,2023-12-11,Bottoms,0.15,26100.0
PROMO-20231211-ACC,Holiday Gifting,2023-12-11,Accessories,0.15,26100.0
PROMO-20231218-DRE,Holiday Gifting,2023-12-18,Dresses,0.15,26100.0
PROMO-20231218-KNI,Holiday Gifting,2023-12-18,Knitwear,0.15,26100.0
PROMO-20231218-OUT,Holiday Gifting,2023-12-18,Outerwear,0.15,26100.0
PROMO-20231218-TOP,Holiday Gifting,2023-12-18,Tops,0.15,26100.0
PROMO-20231218-BOT,Holiday Gifting,2023-12-18,Bottoms,0.15,26100.0
PROMO-20231218-ACC,Holiday Gifting,2023-12-18,Accessories,0.15,26100.0
PROMO-20231225-DRE,Holiday Gifting,2023-12-25,Dresses,0.15,26100.0
PROMO-20231225-KNI,Holiday Gifting,2023-12-25,Knitwear,0.15,26100.0
PROMO-20231225-OUT,Holiday Gifting,2023-12-25,Outerwear,0.15,26100.0
PROMO-20231225-TOP,Holiday Gifting,2023-12-25,Tops,0.15,26100.0
PROMO-20231225-BOT,Holiday Gifting,2023-12-25,Bottoms,0.15,26100.0
PROMO-20231225-ACC,Holiday Gifting,2023-12-25,Accessories,0.15,26100.0
PROMO-20240108-DRE,Winter Edit,2024-01-08,Dresses,0.1,23400.0
PROMO-20240108-KNI,Winter Edit,2024-01-08,Knitwear,0.18,27720.0
PROMO-20240108-OUT,Winter Edit,2024-01-08,Outerwear,0.18,27720.0
PROMO-20240108-TOP,Winter Edit,2024-01-08,Tops,0.1,23400.0
PROMO-20240108-BOT,Winter Edit,2024-01-08,Bottoms,0.1,23400.0
PROMO-20240108-ACC,Winter Edit,2024-01-08,Accessories,0.1,23400.0
PROMO-20240115-DRE,Winter Edit,2024-01-15,Dresses,0.1,23400.0
PROMO-20240115-KNI,Winter Edit,2024-01-15,Knitwear,0.18,27720.0
PROMO-20240115-OUT,Winter Edit,2024-01-15,Outerwear,0.18,27720.0
PROMO-20240115-TOP,Winter Edit,2024-01-15,Tops,0.1,23400.0
PROMO-20240115-BOT,Winter Edit,2024-01-15,Bottoms,0.1,23400.0
PROMO-20240115-ACC,Winter Edit,2024-01-15,Accessories,0.1,23400.0
PROMO-20240304-DRE,Spring Launch,2024-03-04,Dresses,0.12,24480.0
PROMO-20240304-KNI,Spring Launch,2024-03-04,Knitwear,0.12,24480.0
PROMO-20240304-OUT,Spring Launch,2024-03-04,Outerwear,0.12,24480.0
PROMO-20240304-TOP,Spring Launch,2024-03-04,Tops,0.12,24480.0
PROMO-20240304-BOT,Spring Launch,2024-03-04,Bottoms,0.12,24480.0
PROMO-20240304-ACC,Spring Launch,2024-03-04,Accessories,0.12,24480.0
PROMO-20240318-DRE,Spring Launch,2024-03-18,Dresses,0.12,24480.0
PROMO-20240318-KNI,Spring Launch,2024-03-18,Knitwear,0.12,24480.0
PROMO-20240318-OUT,Spring Launch,2024-03-18,Outerwear,0.12,24480.0
PROMO-20240318-TOP,Spring Launch,2024-03-18,Tops,0.12,24480.0
PROMO-20240318-BOT,Spring Launch,2024-03-18,Bottoms,0.12,24480.0
PROMO-20240318-ACC,Spring Launch,2024-03-18,Accessories,0.12,24480.0
PROMO-20240610-DRE,Summer Selects,2024-06-10,Dresses,0.2,28800.0
PROMO-20240610-KNI,Summer Selects,2024-06-10,Knitwear,0.12,24480.0
PROMO-20240610-OUT,Summer Selects,2024-06-10,Outerwear,0.12,24480.0
PROMO-20240610-TOP,Summer Selects,2024-06-10,Tops,0.2,28800.0
PROMO-20240610-BOT,Summer Selects,2024-06-10,Bottoms,0.12,24480.0
PROMO-20240610-ACC,Summer Selects,2024-06-10,Accessories,0.12,24480.0
PROMO-20240701-DRE,Summer Selects,2024-07-01,Dresses,0.2,28800.0
PROMO-20240701-KNI,Summer Selects,2024-07-01,Knitwear,0.12,24480.0
PROMO-20240701-OUT,Summer Selects,2024-07-01,Outerwear,0.12,24480.0
PROMO-20240701-TOP,Summer Selects,2024-07-01,Tops,0.2,28800.0
PROMO-20240701-BOT,Summer Selects,2024-07-01,Bottoms,0.12,24480.0
PROMO-20240701-ACC,Summer Selects,2024-07-01,Accessories,0.12,24480.0
PROMO-20240722-DRE,Summer Selects,2024-07-22,Dresses,0.2,28800.0
PROMO-20240722-KNI,Summer Selects,2024-07-22,Knitwear,0.12,24480.0
PROMO-20240722-OUT,Summer Selects,2024-07-22,Outerwear,0.12,24480.0
PROMO-20240722-TOP,Summer Selects,2024-07-22,Tops,0.2,28800.0
PROMO-20240722-BOT,Summer Selects,2024-07-22,Bottoms,0.12,24480.0
PROMO-20240722-ACC,Summer Selects,2024-07-22,Accessories,0.12,24480.0
PROMO-20240909-DRE,New Season,2024-09-09,Dresses,0.1,23400.0
PROMO-20240909-KNI,New Season,2024-09-09,Knitwear,0.1,23400.0
PROMO-20240909-OUT,New Season,2024-09-09,Outerwear,0.1,23400.0
PROMO-20240909-TOP,New Season,2024-09-09,Tops,0.1,23400.0
PROMO-20240909-BOT,New Season,2024-09-09,Bottoms,0.1,23400.0
PROMO-20240909-ACC,New Season,2024-09-09,Accessories,0.1,23400.0
PROMO-20240923-DRE,New Season,2024-09-23,Dresses,0.1,23400.0
PROMO-20240923-KNI,New Season,2024-09-23,Knitwear,0.1,23400.0
PROMO-20240923-OUT,New Season,2024-09-23,Outerwear,0.1,23400.0
PROMO-20240923-TOP,New Season,2024-09-23,Tops,0.1,23400.0
PROMO-20240923-BOT,New Season,2024-09-23,Bottoms,0.1,23400.0
PROMO-20240923-ACC,New Season,2024-09-23,Accessories,0.1,23400.0
PROMO-20241104-DRE,Singles Week,2024-11-04,Dresses,0.18,27720.0
PROMO-20241104-KNI,Singles Week,2024-11-04,Knitwear,0.18,27720.0
PROMO-20241104-OUT,Singles Week,2024-11-04,Outerwear,0.18,27720.0
PROMO-20241104-TOP,Singles Week,2024-11-04,Tops,0.18,27720.0
PROMO-20241104-BOT,Singles Week,2024-11-04,Bottoms,0.18,27720.0
PROMO-20241104-ACC,Singles Week,2024-11-04,Accessories,0.18,27720.0
PROMO-20241118-DRE,Black Friday,2024-11-18,Dresses,0.28,41400.0
PROMO-20241118-KNI,Black Friday,2024-11-18,Knitwear,0.28,41400.0
PROMO-20241118-OUT,Black Friday,2024-11-18,Outerwear,0.28,41400.0
PROMO-20241118-TOP,Black Friday,2024-11-18,Tops,0.28,41400.0
PROMO-20241118-BOT,Black Friday,2024-11-18,Bottoms,0.28,41400.0
PROMO-20241118-ACC,Black Friday,2024-11-18,Accessories,0.28,41400.0
PROMO-20241125-DRE,Black Friday,2024-11-25,Dresses,0.28,41400.0
PROMO-20241125-KNI,Black Friday,2024-11-25,Knitwear,0.28,41400.0
PROMO-20241125-OUT,Black Friday,2024-11-25,Outerwear,0.28,41400.0
PROMO-20241125-TOP,Black Friday,2024-11-25,Tops,0.28,41400.0
PROMO-20241125-BOT,Black Friday,2024-11-25,Bottoms,0.28,41400.0
PROMO-20241125-ACC,Black Friday,2024-11-25,Accessories,0.28,41400.0
PROMO-20241209-DRE,Holiday Gifting,2024-12-09,Dresses,0.15,26100.0
PROMO-20241209-KNI,Holiday Gifting,2024-12-09,Knitwear,0.15,26100.0
PROMO-20241209-OUT,Holiday Gifting,2024-12-09,Outerwear,0.15,26100.0
PROMO-20241209-TOP,Holiday Gifting,2024-12-09,Tops,0.15,26100.0
PROMO-20241209-BOT,Holiday Gifting,2024-12-09,Bottoms,0.15,26100.0
PROMO-20241209-ACC,Holiday Gifting,2024-12-09,Accessories,0.15,26100.0
PROMO-20241216-DRE,Holiday Gifting,2024-12-16,Dresses,0.15,26100.0
PROMO-20241216-KNI,Holiday Gifting,2024-12-16,Knitwear,0.15,26100.0
PROMO-20241216-OUT,Holiday Gifting,2024-12-16,Outerwear,0.15,26100.0
PROMO-20241216-TOP,Holiday Gifting,2024-12-16,Tops,0.15,26100.0
PROMO-20241216-BOT,Holiday Gifting,2024-12-16,Bottoms,0.15,26100.0
PROMO-20241216-ACC,Holiday Gifting,2024-12-16,Accessories,0.15,26100.0
PROMO-20241223-DRE,Holiday Gifting,2024-12-23,Dresses,0.15,26100.0
PROMO-20241223-KNI,Holiday Gifting,2024-12-23,Knitwear,0.15,26100.0
PROMO-20241223-OUT,Holiday Gifting,2024-12-23,Outerwear,0.15,26100.0
PROMO-20241223-TOP,Holiday Gifting,2024-12-23,Tops,0.15,26100.0
PROMO-20241223-BOT,Holiday Gifting,2024-12-23,Bottoms,0.15,26100.0
PROMO-20241223-ACC,Holiday Gifting,2024-12-23,Accessories,0.15,26100.0
PROMO-20250106-DRE,Winter Edit,2025-01-06,Dresses,0.1,23400.0
PROMO-20250106-KNI,Winter Edit,2025-01-06,Knitwear,0.18,27720.0
PROMO-20250106-OUT,Winter Edit,2025-01-06,Outerwear,0.18,27720.0
PROMO-20250106-TOP,Winter Edit,2025-01-06,Tops,0.1,23400.0
PROMO-20250106-BOT,Winter Edit,2025-01-06,Bottoms,0.1,23400.0
PROMO-20250106-ACC,Winter Edit,2025-01-06,Accessories,0.1,23400.0
PROMO-20250113-DRE,Winter Edit,2025-01-13,Dresses,0.1,23400.0
PROMO-20250113-KNI,Winter Edit,2025-01-13,Knitwear,0.18,27720.0
PROMO-20250113-OUT,Winter Edit,2025-01-13,Outerwear,0.18,27720.0
PROMO-20250113-TOP,Winter Edit,2025-01-13,Tops,0.1,23400.0
PROMO-20250113-BOT,Winter Edit,2025-01-13,Bottoms,0.1,23400.0
PROMO-20250113-ACC,Winter Edit,2025-01-13,Accessories,0.1,23400.0
PROMO-20250303-DRE,Spring Launch,2025-03-03,Dresses,0.12,24480.0
PROMO-20250303-KNI,Spring Launch,2025-03-03,Knitwear,0.12,24480.0
PROMO-20250303-OUT,Spring Launch,2025-03-03,Outerwear,0.12,24480.0
PROMO-20250303-TOP,Spring Launch,2025-03-03,Tops,0.12,24480.0
PROMO-20250303-BOT,Spring Launch,2025-03-03,Bottoms,0.12,24480.0
PROMO-20250303-ACC,Spring Launch,2025-03-03,Accessories,0.12,24480.0
PROMO-20250317-DRE,Spring Launch,2025-03-17,Dresses,0.12,24480.0
PROMO-20250317-KNI,Spring Launch,2025-03-17,Knitwear,0.12,24480.0
PROMO-20250317-OUT,Spring Launch,2025-03-17,Outerwear,0.12,24480.0
PROMO-20250317-TOP,Spring Launch,2025-03-17,Tops,0.12,24480.0
PROMO-20250317-BOT,Spring Launch,2025-03-17,Bottoms,0.12,24480.0
PROMO-20250317-ACC,Spring Launch,2025-03-17,Accessories,0.12,24480.0
PROMO-20250331-DRE,Spring Launch,2025-03-31,Dresses,0.12,24480.0
PROMO-20250331-KNI,Spring Launch,2025-03-31,Knitwear,0.12,24480.0
PROMO-20250331-OUT,Spring Launch,2025-03-31,Outerwear,0.12,24480.0
PROMO-20250331-TOP,Spring Launch,2025-03-31,Tops,0.12,24480.0
PROMO-20250331-BOT,Spring Launch,2025-03-31,Bottoms,0.12,24480.0
PROMO-20250331-ACC,Spring Launch,2025-03-31,Accessories,0.12,24480.0
PROMO-20250609-DRE,Summer Selects,2025-06-09,Dresses,0.2,28800.0
PROMO-20250609-KNI,Summer Selects,2025-06-09,Knitwear,0.12,24480.0
PROMO-20250609-OUT,Summer Selects,2025-06-09,Outerwear,0.12,24480.0
PROMO-20250609-TOP,Summer Selects,2025-06-09,Tops,0.2,28800.0
PROMO-20250609-BOT,Summer Selects,2025-06-09,Bottoms,0.12,24480.0
PROMO-20250609-ACC,Summer Selects,2025-06-09,Accessories,0.12,24480.0
PROMO-20250630-DRE,Summer Selects,2025-06-30,Dresses,0.2,28800.0
PROMO-20250630-KNI,Summer Selects,2025-06-30,Knitwear,0.12,24480.0
PROMO-20250630-OUT,Summer Selects,2025-06-30,Outerwear,0.12,24480.0
PROMO-20250630-TOP,Summer Selects,2025-06-30,Tops,0.2,28800.0
PROMO-20250630-BOT,Summer Selects,2025-06-30,Bottoms,0.12,24480.0
PROMO-20250630-ACC,Summer Selects,2025-06-30,Accessories,0.12,24480.0
PROMO-20250721-DRE,Summer Selects,2025-07-21,Dresses,0.2,28800.0
PROMO-20250721-KNI,Summer Selects,2025-07-21,Knitwear,0.12,24480.0
PROMO-20250721-OUT,Summer Selects,2025-07-21,Outerwear,0.12,24480.0
PROMO-20250721-TOP,Summer Selects,2025-07-21,Tops,0.2,28800.0
PROMO-20250721-BOT,Summer Selects,2025-07-21,Bottoms,0.12,24480.0
PROMO-20250721-ACC,Summer Selects,2025-07-21,Accessories,0.12,24480.0
PROMO-20250908-DRE,New Season,2025-09-08,Dresses,0.1,23400.0
PROMO-20250908-KNI,New Season,2025-09-08,Knitwear,0.1,23400.0
PROMO-20250908-OUT,New Season,2025-09-08,Outerwear,0.1,23400.0
PROMO-20250908-TOP,New Season,2025-09-08,Tops,0.1,23400.0
PROMO-20250908-BOT,New Season,2025-09-08,Bottoms,0.1,23400.0
PROMO-20250908-ACC,New Season,2025-09-08,Accessories,0.1,23400.0
PROMO-20250922-DRE,New Season,2025-09-22,Dresses,0.1,23400.0
PROMO-20250922-KNI,New Season,2025-09-22,Knitwear,0.1,23400.0
PROMO-20250922-OUT,New Season,2025-09-22,Outerwear,0.1,23400.0
PROMO-20250922-TOP,New Season,2025-09-22,Tops,0.1,23400.0
PROMO-20250922-BOT,New Season,2025-09-22,Bottoms,0.1,23400.0
PROMO-20250922-ACC,New Season,2025-09-22,Accessories,0.1,23400.0
PROMO-20251103-DRE,Singles Week,2025-11-03,Dresses,0.18,27720.0
PROMO-20251103-KNI,Singles Week,2025-11-03,Knitwear,0.18,27720.0
PROMO-20251103-OUT,Singles Week,2025-11-03,Outerwear,0.18,27720.0
PROMO-20251103-TOP,Singles Week,2025-11-03,Tops,0.18,27720.0
PROMO-20251103-BOT,Singles Week,2025-11-03,Bottoms,0.18,27720.0
PROMO-20251103-ACC,Singles Week,2025-11-03,Accessories,0.18,27720.0
PROMO-20251117-DRE,Black Friday,2025-11-17,Dresses,0.28,41400.0
PROMO-20251117-KNI,Black Friday,2025-11-17,Knitwear,0.28,41400.0
PROMO-20251117-OUT,Black Friday,2025-11-17,Outerwear,0.28,41400.0
PROMO-20251117-TOP,Black Friday,2025-11-17,Tops,0.28,41400.0
PROMO-20251117-BOT,Black Friday,2025-11-17,Bottoms,0.28,41400.0
PROMO-20251117-ACC,Black Friday,2025-11-17,Accessories,0.28,41400.0
PROMO-20251124-DRE,Black Friday,2025-11-24,Dresses,0.28,41400.0
PROMO-20251124-KNI,Black Friday,2025-11-24,Knitwear,0.28,41400.0
PROMO-20251124-OUT,Black Friday,2025-11-24,Outerwear,0.28,41400.0
PROMO-20251124-TOP,Black Friday,2025-11-24,Tops,0.28,41400.0
PROMO-20251124-BOT,Black Friday,2025-11-24,Bottoms,0.28,41400.0
PROMO-20251124-ACC,Black Friday,2025-11-24,Accessories,0.28,41400.0
PROMO-20251208-DRE,Holiday Gifting,2025-12-08,Dresses,0.15,26100.0
PROMO-20251208-KNI,Holiday Gifting,2025-12-08,Knitwear,0.15,26100.0
PROMO-20251208-OUT,Holiday Gifting,2025-12-08,Outerwear,0.15,26100.0
PROMO-20251208-TOP,Holiday Gifting,2025-12-08,Tops,0.15,26100.0
PROMO-20251208-BOT,Holiday Gifting,2025-12-08,Bottoms,0.15,26100.0
PROMO-20251208-ACC,Holiday Gifting,2025-12-08,Accessories,0.15,26100.0
PROMO-20251215-DRE,Holiday Gifting,2025-12-15,Dresses,0.15,26100.0
PROMO-20251215-KNI,Holiday Gifting,2025-12-15,Knitwear,0.15,26100.0
PROMO-20251215-OUT,Holiday Gifting,2025-12-15,Outerwear,0.15,26100.0
PROMO-20251215-TOP,Holiday Gifting,2025-12-15,Tops,0.15,26100.0
PROMO-20251215-BOT,Holiday Gifting,2025-12-15,Bottoms,0.15,26100.0
PROMO-20251215-ACC,Holiday Gifting,2025-12-15,Accessories,0.15,26100.0
PROMO-20251222-DRE,Holiday Gifting,2025-12-22,Dresses,0.15,26100.0
PROMO-20251222-KNI,Holiday Gifting,2025-12-22,Knitwear,0.15,26100.0
PROMO-20251222-OUT,Holiday Gifting,2025-12-22,Outerwear,0.15,26100.0
PROMO-20251222-TOP,Holiday Gifting,2025-12-22,Tops,0.15,26100.0
PROMO-20251222-BOT,Holiday Gifting,2025-12-22,Bottoms,0.15,26100.0
PROMO-20251222-ACC,Holiday Gifting,2025-12-22,Accessories,0.15,26100.0
