YearMonth,Category,ForecastUnits,Lower80Units,Upper80Units,ForecastRevenueTRY
2026-01,Accessories,3734.71,2541.522,4927.9,3480908.29
2026-01,Bottoms,2989.095,2177.525,3800.665,4887508.81
2026-01,Dresses,2687.394,1821.262,3553.518,7072706.33
2026-01,Knitwear,3896.1459999999997,2927.56,4864.73,4989785.25
2026-01,Outerwear,2205.304,1624.813,2785.795,6278855.66
2026-01,Tops,3082.25,2273.199,3891.302,3616950.93
2026-02,Accessories,3459.498,2266.311,4652.686,3443873.38
2026-02,Bottoms,2774.254,1962.686,3585.824,4823116.71
2026-02,Dresses,2565.464,1699.331,3431.593,7131528.67
2026-02,Knitwear,3326.7599999999998,2358.173,4295.345,4707292.26
2026-02,Outerwear,1885.0230000000001,1304.53,2465.516,5938861.78
2026-02,Tops,2995.591,2186.537,3804.64,3698166.59
2026-03,Accessories,4501.541,3010.053,5993.027,4089347.82
2026-03,Bottoms,3861.454,2846.992,4875.915,6178673.76
2026-03,Dresses,3883.071,2800.41,4965.737,9982675.8
2026-03,Knitwear,4137.589,2926.855,5348.322,5418777.05
2026-03,Outerwear,2453.313,1727.692,3178.925,7189538.33
2026-03,Tops,4681.602,3670.288,5692.921,5335184.9
2026-04,Accessories,3231.483,2038.291,4424.673,3184809.16
2026-04,Bottoms,2840.298,2028.728,3651.868,4913575.69
2026-04,Dresses,3113.251,2247.121,3979.373,8691784.95
2026-04,Knitwear,2710.553,1741.967,3679.141,3835039.83
2026-04,Outerwear,1634.198,1053.708,2214.691,5176186.79
2026-04,Tops,3861.124,3052.069,4670.177,4793778.81
2026-05,Accessories,3025.72,1832.5330000000001,4218.908,2983632.18
2026-05,Bottoms,2913.402,2101.83,3724.97,5037959.31
2026-05,Dresses,3423.787,2557.662,4289.914,9554438.620000001
2026-05,Knitwear,2398.77,1430.183,3367.357,3411092.81
2026-05,Outerwear,1409.492,829.001,1989.986,4456656.58
2026-05,Tops,4230.693,3421.643,5039.746,5270623.2
2026-06,Accessories,3771.455,2279.969,5262.943,3518790.65
2026-06,Bottoms,3586.216,2571.753,4600.681,5900601.05
2026-06,Dresses,5245.667,4163.002,6328.326,13252950.36
2026-06,Knitwear,2893.932,1683.1970000000001,4104.659,3914295.95
2026-06,Outerwear,1603.952,878.339,2329.566,4788369.7
2026-06,Tops,6170.611,5159.292,7181.927,6979762.96
2026-07,Accessories,2853.118,1659.9279999999999,4046.3070000000002,2718676.65
2026-07,Bottoms,2754.099,1942.529,3565.668,4588947.32
2026-07,Dresses,4057.073,3190.942,4923.197,10537940.86
2026-07,Knitwear,2158.669,1190.08,3127.252,2961431.06
2026-07,Outerwear,1178.658,598.163,1759.149,3586577.12
2026-07,Tops,4726.787,3917.735,5535.836,5548433.64
2026-08,Accessories,3520.257,2028.767,5011.742,3472118.41
2026-08,Bottoms,3332.463,2318.001,4346.926,5761237.91
2026-08,Dresses,4539.186,3456.524,5621.847,12622496.38
2026-08,Knitwear,2616.033,1405.3,3826.7690000000002,3714698.96
2026-08,Outerwear,1509.832,784.226,2235.449,4753190.28
2026-08,Tops,5170.615,4159.298,6181.93,6480710.61
2026-09,Accessories,3271.37,2078.186,4464.563,3056410.61
2026-09,Bottoms,2806.397,1994.827,3617.971,4633775.88
2026-09,Dresses,3433.596,2567.47,4299.724,9077065.8
2026-09,Knitwear,2529.7110000000002,1561.121,3498.293,3413866.28
2026-09,Outerwear,1439.123,858.632,2019.617,4332711.99
2026-09,Tops,4142.844,3333.787,4951.894,4924799.27
2026-10,Accessories,3225.268,2032.074,4418.453,3178110.04
2026-10,Bottoms,2583.352,1771.779,3394.922,4495024.37
2026-10,Dresses,2891.678,2025.548,3757.81,8043201.48
2026-10,Knitwear,2586.531,1617.941,3555.114,3691841.37
2026-10,Outerwear,1556.882,976.39,2137.38,4910054.2299999995
2026-10,Tops,3525.008,2715.953,4334.059,4413462.63
2026-11,Accessories,7698.278,6206.793,9189.762,6251360.77
2026-11,Bottoms,4885.179,3870.712,5899.645,6953093.4
2026-11,Dresses,4622.592,3539.931,5705.25,10575150.42
2026-11,Knitwear,5327.778,4117.051,6538.51,6215647.74
2026-11,Outerwear,3012.046,2286.4320000000002,3737.662,7792882.85
2026-11,Tops,5140.49,4129.175,6151.804,5308557.26
2026-12,Accessories,5614.797,4421.609,6807.986,4723506.88
2026-12,Bottoms,3461.422,2649.851,4272.995,5091902.68
2026-12,Dresses,3106.094,2239.963,3972.219,7300872.2
2026-12,Knitwear,4207.99,3239.407,5176.577,5108599.75
2026-12,Outerwear,2216.501,1636.006,2796.994,5895472.79
2026-12,Tops,3556.548,2747.494,4365.599,3770192.93
