Scenario,SKU,ProductName,Category,SupplierID,SupplierName,ChampionModel,ChampionWAPE,DemandMultiplier,TargetServiceLevel,LeadTimeDays,AverageWeeklyForecastUnits,AnnualForecastUnits,CurrentOnHand,OnOrderUnits,InventoryPosition,ProjectedWeeksOfSupply,SafetyStockUnits,ReorderPointUnits,EOQUnits,RecommendedOrderQty,RecommendedInvestmentTRY,ForecastRevenueTRY,Action
Lean,DRE-001,Satin Dresse,Dresses,SUP-004,Bosporus Accessories,Gradient Boosting,0.188583,0.9,0.9299999999999999,7,84.975,4418.686,0,592,592.0,6.967,31.322,116.297,305.48,0,0.0,11647274.37,HEALTHY
Lean,DRE-002,Midi Dresse,Dresses,SUP-005,Central Knitworks,Seasonal Naive,0.167027,0.9,0.95,35,67.967,3534.282,407,0,407.0,5.988,44.833,384.668,176.319,256,318438.4,10555725.31,MONITOR
Lean,DRE-003,Wrap Dresse,Dresses,SUP-006,Thrace Manufacturing,Gradient Boosting,0.141512,0.9,0.95,21,72.431,3766.387,182,0,182.0,2.513,31.241,248.532,283.448,360,355388.4,8736692.29,ORDER NOW
Lean,DRE-004,Linen Dresse,Dresses,SUP-007,Istanbul Leather,Gradient Boosting,0.162361,0.9,0.9299999999999999,28,86.751,4511.074,314,636,950.0,10.951,53.139,400.145,227.342,0,0.0,13226296.56,HEALTHY
Lean,DRE-005,Evening Dresse,Dresses,SUP-008,Mediterranean Fashion Supply,Gradient Boosting,0.149879,0.9,0.9299999999999999,7,81.217,4223.27,0,552,552.0,6.797,24.25,105.467,374.078,0,0.0,8231028.46,HEALTHY
Lean,DRE-006,Ribbed Dresse,Dresses,SUP-001,Anatolia Textiles,Gradient Boosting,0.161884,0.9,0.95,10,88.269,4590.003,707,0,707.0,8.01,38.864,164.963,201.372,0,0.0,13608952.54,HEALTHY
Lean,DRE-007,Floral Dresse,Dresses,SUP-002,Marmara Apparel,Seasonal Naive,0.218898,0.9,0.96,18,50.867,2645.1,404,0,404.0,7.942,35.208,166.01,172.823,0,0.0,7832339.55,HEALTHY
Lean,DRE-008,Minimal Dresse,Dresses,SUP-003,Aegean Atelier,Gradient Boosting,0.160447,0.9,0.9299999999999999,14,68.768,3575.928,127,0,127.0,1.847,23.091,160.627,296.25,310,309457.5,9804440.96,ORDER NOW
Lean,DRE-009,Pleated Dresse,Dresses,SUP-004,Bosporus Accessories,Gradient Boosting,0.18373,0.9,0.96,7,73.273,3810.196,0,480,480.0,6.551,25.842,99.115,341.794,0,0.0,6723407.92,HEALTHY
Lean,DRE-010,Signature Dresse,Dresses,SUP-005,Central Knitworks,Gradient Boosting,0.122755,0.9,0.9299999999999999,35,79.559,4137.044,738,0,738.0,9.276,49.705,447.498,208.79,48,49841.76,12092372.71,HEALTHY
Lean,KNI-001,Merino Knitwear,Knitwear,SUP-006,Thrace Manufacturing,Gradient Boosting,0.160181,0.9,0.91,21,77.431,4026.426,367,0,367.0,4.74,45.506,277.8,446.818,224,95132.8,4022113.31,HEALTHY
Lean,KNI-002,Cable Knitwear,Knitwear,SUP-007,Istanbul Leather,Gradient Boosting,0.137512,0.9,0.95,28,63.151,3283.829,478,0,478.0,7.569,43.558,296.161,228.084,72,70483.68,7215147.64,HEALTHY
Lean,KNI-003,Soft Knitwear,Knitwear,SUP-008,Mediterranean Fashion Supply,Gradient Boosting,0.170409,0.9,0.95,7,72.488,3769.388,0,500,500.0,6.898,31.606,104.094,338.816,0,0.0,6912094.51,HEALTHY
Lean,KNI-004,Ribbed Knitwear,Knitwear,SUP-001,Anatolia Textiles,Gradient Boosting,0.103222,0.9,0.95,10,65.225,3391.696,68,396,464.0,7.114,21.486,114.664,251.652,0,0.0,4604542.87,HEALTHY
Lean,KNI-005,Mockneck Knitwear,Knitwear,SUP-002,Marmara Apparel,Gradient Boosting,0.255649,0.9,0.9299999999999999,18,68.73,3573.975,524,0,524.0,7.624,67.962,244.697,358.051,0,0.0,3396980.68,HEALTHY
Lean,KNI-006,Cardigan Knitwear,Knitwear,SUP-003,Aegean Atelier,Gradient Boosting,0.157678,0.9,0.9299999999999999,14,52.082,2708.278,166,0,166.0,3.187,26.256,130.42,378.691,180,83284.2,2875704.93,HEALTHY
Lean,KNI-007,Fine Knitwear,Knitwear,SUP-004,Bosporus Accessories,Gradient Boosting,0.088043,0.9,0.9299999999999999,7,77.89,4050.274,0,510,510.0,6.548,17.866,95.756,366.746,0,0.0,6914058.1,HEALTHY
Lean,KNI-008,Oversized Knitwear,Knitwear,SUP-005,Central Knitworks,Gradient Boosting,0.199365,0.9,0.95,35,67.909,3531.254,349,0,349.0,5.139,88.316,427.86,294.597,352,156710.4,3551646.31,ORDER NOW
Lean,KNI-009,Crew Knitwear,Knitwear,SUP-006,Thrace Manufacturing,Gradient Boosting,0.152326,0.9,0.9299999999999999,21,66.42,3453.863,245,0,245.0,3.689,42.318,241.58,404.828,264,117163.2,3958017.02,MONITOR
Lean,KNI-010,Essential Knitwear,Knitwear,SUP-007,Istanbul Leather,Gradient Boosting,0.142792,0.9,0.95,28,60.047,3122.434,235,0,235.0,3.914,42.907,283.094,357.592,294,111334.86,2793826.11,ORDER NOW
Lean,OUT-001,Trench Outerwear,Outerwear,SUP-008,Mediterranean Fashion Supply,Gradient Boosting,0.146916,0.9,0.91,7,35.515,1846.793,0,200,200.0,5.631,9.96,45.475,232.247,0,0.0,3166544.3,HEALTHY
Lean,OUT-002,Wool Outerwear,Outerwear,SUP-001,Anatolia Textiles,Gradient Boosting,0.157984,0.9,0.95,10,57.423,2986.019,79,336,415.0,7.227,25.537,107.571,156.928,0,0.0,9175745.12,HEALTHY
Lean,OUT-003,Puffer Outerwear,Outerwear,SUP-002,Marmara Apparel,Gradient Boosting,0.127572,0.9,0.9299999999999999,18,31.18,1621.343,193,0,193.0,6.19,16.149,96.325,150.438,50,50118.5,3337662.93,HEALTHY
Lean,OUT-004,Tailored Outerwear,Outerwear,SUP-003,Aegean Atelier,Gradient Boosting,0.161421,0.9,0.95,14,29.263,1521.654,33,198,231.0,7.894,18.109,76.634,154.813,0,0.0,4839019.2,HEALTHY
Lean,OUT-005,Cropped Outerwear,Outerwear,SUP-004,Bosporus Accessories,Gradient Boosting,0.230857,0.9,0.9299999999999999,7,36.219,1883.366,115,0,115.0,3.175,18.838,55.057,238.687,88,69236.64,3460767.91,HEALTHY
Lean,OUT-006,Belted Outerwear,Outerwear,SUP-005,Central Knitworks,Gradient Boosting,0.220625,0.9,0.96,35,31.405,1633.07,278,0,278.0,8.852,43.074,200.1,99.248,60,108841.8,5544006.75,HEALTHY
Lean,OUT-007,Quilted Outerwear,Outerwear,SUP-006,Thrace Manufacturing,Gradient Boosting,0.192547,0.9,0.9299999999999999,21,49.707,2584.745,273,0,273.0,5.492,36.542,185.662,164.867,112,224280.0,10953403.74,HEALTHY
Lean,OUT-008,Classic Outerwear,Outerwear,SUP-007,Istanbul Leather,Gradient Boosting,0.217567,0.9,0.9299999999999999,28,29.493,1533.614,189,0,189.0,6.408,31.21,149.181,133.188,84,112623.84,4337062.28,HEALTHY
Lean,OUT-009,Urban Outerwear,Outerwear,SUP-008,Mediterranean Fashion Supply,Gradient Boosting,0.154593,0.9,0.95,7,47.019,2445.005,52,0,52.0,1.106,15.708,62.728,218.406,200,250730.0,6690297.01,ORDER NOW
Lean,OUT-010,Storm Outerwear,Outerwear,SUP-001,Anatolia Textiles,Gradient Boosting,0.167087,0.9,0.9299999999999999,10,35.352,1838.282,28,246,274.0,7.751,15.286,65.788,112.646,0,0.0,7084913.04,HEALTHY
Lean,TOP-001,Silk Top,Tops,SUP-002,Marmara Apparel,Gradient Boosting,0.099444,0.9,0.9299999999999999,18,77.696,4040.172,177,520,697.0,8.971,23.256,223.045,374.136,0,0.0,4440940.41,HEALTHY
Lean,TOP-002,Cotton Top,Tops,SUP-003,Aegean Atelier,Gradient Boosting,0.1789,0.9,0.95,14,75.171,3908.874,514,0,514.0,6.838,30.29,180.631,415.895,0,0.0,5799946.96,HEALTHY
Lean,TOP-003,Linen Top,Tops,SUP-004,Bosporus Accessories,Gradient Boosting,0.124157,0.9,0.95,7,78.337,4073.518,109,0,109.0,1.391,19.305,97.642,531.147,306,105156.9,3678997.34,MONITOR
Lean,TOP-004,Draped Top,Tops,SUP-005,Central Knitworks,Gradient Boosting,0.138836,0.9,0.96,35,82.92,4311.842,763,0,763.0,9.202,55.642,470.242,305.019,40,20284.0,6045360.17,HEALTHY
Lean,TOP-005,Bodysuit Top,Tops,SUP-006,Thrace Manufacturing,Gradient Boosting,0.194057,0.9,0.9299999999999999,21,84.812,4410.211,273,0,273.0,3.219,42.424,296.859,417.264,372,198428.52,5853709.89,ORDER NOW
Lean,TOP-006,Oxford Top,Tops,SUP-007,Istanbul Leather,Gradient Boosting,0.093169,0.9,0.9299999999999999,28,96.449,5015.35,882,0,882.0,9.145,34.844,420.64,341.07,0,0.0,8838353.79,HEALTHY
Lean,TOP-007,Essential Top,Tops,SUP-008,Mediterranean Fashion Supply,Gradient Boosting,0.148013,0.9,0.95,7,97.282,5058.649,0,666,666.0,6.846,26.567,123.848,715.738,0,0.0,3287369.32,HEALTHY
Lean,TOP-008,Relaxed Top,Tops,SUP-001,Anatolia Textiles,Gradient Boosting,0.156932,0.9,0.9299999999999999,10,87.216,4535.234,307,0,307.0,3.52,29.496,154.09,275.302,204,142212.48,7562296.04,HEALTHY
Lean,TOP-009,Studio Top,Tops,SUP-002,Marmara Apparel,Gradient Boosting,0.133052,0.9,0.9299999999999999,18,106.8,5553.584,706,0,706.0,6.611,39.665,314.292,474.803,40,13787.2,5117149.43,HEALTHY
Lean,TOP-010,Signature Top,Tops,SUP-003,Aegean Atelier,Gradient Boosting,0.141975,0.9,0.95,14,100.929,5248.312,537,0,537.0,5.321,35.264,237.122,725.43,104,25411.36,3502438.02,HEALTHY
Lean,BOT-001,Tailored Bottom,Bottoms,SUP-004,Bosporus Accessories,Gradient Boosting,0.103302,0.9,0.95,7,71.565,3721.375,0,468,468.0,6.54,17.597,89.162,328.454,0,0.0,6327754.46,HEALTHY
Lean,BOT-002,Wide-Leg Bottom,Bottoms,SUP-005,Central Knitworks,Gradient Boosting,0.177453,0.9,0.91,35,77.047,4006.441,693,0,693.0,8.995,60.149,445.383,296.463,64,31921.28,4714986.66,HEALTHY
Lean,BOT-003,Straight Bottom,Bottoms,SUP-006,Thrace Manufacturing,Gradient Boosting,0.151531,0.9,0.95,21,74.005,3848.278,130,540,670.0,9.053,36.941,258.957,392.526,0,0.0,4929563.19,HEALTHY
Lean,BOT-004,Satin Bottom,Bottoms,SUP-007,Istanbul Leather,Gradient Boosting,0.153544,0.9,0.91,28,63.84,3319.66,266,0,266.0,4.167,27.652,283.011,232.246,276,263433.72,7097601.31,ORDER NOW
Lean,BOT-005,Pleated Bottom,Bottoms,SUP-008,Mediterranean Fashion Supply,Seasonal Naive,0.167832,0.9,0.96,7,70.962,3690.0,0,510,510.0,7.187,33.119,104.081,372.597,0,0.0,5714398.8,HEALTHY
Lean,BOT-006,Cargo Bottom,Bottoms,SUP-001,Anatolia Textiles,Gradient Boosting,0.149196,0.9,0.91,10,78.919,4103.766,169,0,169.0,2.141,28.108,140.849,251.521,288,217647.36,7121084.96,MONITOR
Lean,BOT-007,Cropped Bottom,Bottoms,SUP-002,Marmara Apparel,Gradient Boosting,0.175039,0.9,0.91,18,68.905,3583.085,531,0,531.0,7.706,34.832,212.017,263.124,0,0.0,6468179.71,HEALTHY
Lean,BOT-008,Relaxed Bottom,Bottoms,SUP-003,Aegean Atelier,Gradient Boosting,0.169255,0.9,0.96,14,62.196,3234.174,78,380,458.0,7.364,31.071,155.462,312.921,0,0.0,5876165.74,HEALTHY
Lean,BOT-009,Classic Bottom,Bottoms,SUP-004,Bosporus Accessories,Seasonal Naive,0.159102,0.9,0.96,7,43.858,2280.609,187,0,187.0,4.264,21.156,65.014,244.483,60,54485.4,4863828.32,HEALTHY
Lean,BOT-010,Studio Bottom,Bottoms,SUP-005,Central Knitworks,Gradient Boosting,0.164651,0.9,0.96,35,60.028,3121.48,526,0,526.0,8.763,43.469,343.611,249.828,60,32833.2,3825312.06,HEALTHY
Lean,ACC-001,Leather Accessorie,Accessories,SUP-006,Thrace Manufacturing,Gradient Boosting,0.168206,0.9,0.9299999999999999,21,87.325,4540.923,602,0,602.0,6.894,66.865,328.841,533.214,80,26906.4,4068124.13,HEALTHY
Lean,ACC-002,Silk Accessorie,Accessories,SUP-007,Istanbul Leather,Seasonal Naive,0.17052,0.9,0.95,28,65.752,3419.1,155,488,643.0,9.779,80.825,343.833,463.856,0,0.0,2441813.22,HEALTHY
Lean,ACC-003,Chain Accessorie,Accessories,SUP-008,Mediterranean Fashion Supply,Gradient Boosting,0.096063,0.9,0.96,7,81.444,4235.063,0,496,496.0,6.09,24.034,105.478,479.423,0,0.0,5639009.45,HEALTHY
Lean,ACC-004,Minimal Accessorie,Accessories,SUP-001,Anatolia Textiles,Gradient Boosting,0.114769,0.9,0.9299999999999999,10,82.445,4287.12,472,0,472.0,5.725,28.788,146.566,394.071,48,15437.76,4065392.07,HEALTHY
Lean,ACC-005,Signature Accessorie,Accessories,SUP-002,Marmara Apparel,Gradient Boosting,0.136134,0.9,0.96,18,75.047,3902.422,383,0,383.0,5.103,44.413,237.39,421.077,156,48040.2,3042222.38,HEALTHY
Lean,ACC-006,Structured Accessorie,Accessories,SUP-003,Aegean Atelier,Gradient Boosting,0.177324,0.9,0.96,14,105.271,5474.109,772,0,772.0,7.333,75.629,286.172,877.941,0,0.0,2769640.06,HEALTHY
Lean,ACC-007,Everyday Accessorie,Accessories,SUP-004,Bosporus Accessories,Gradient Boosting,0.132096,0.9,0.95,7,81.731,4250.014,4,528,532.0,6.509,27.172,108.903,492.546,0,0.0,5269775.71,HEALTHY
Lean,ACC-008,Statement Accessorie,Accessories,SUP-005,Central Knitworks,Gradient Boosting,0.177239,0.9,0.95,35,92.131,4790.812,277,632,909.0,9.866,94.023,554.678,430.708,16,4521.12,3851772.89,HEALTHY
Lean,ACC-009,Classic Accessorie,Accessories,SUP-006,Thrace Manufacturing,Gradient Boosting,0.135296,0.9,0.9299999999999999,21,78.47,4080.443,499,0,499.0,6.359,46.139,281.55,468.825,108,42221.52,4563940.01,HEALTHY
Lean,ACC-010,Luxe Accessorie,Accessories,SUP-007,Istanbul Leather,Gradient Boosting,0.151957,0.9,0.9299999999999999,28,79.553,4136.739,519,0,519.0,6.524,65.332,383.543,435.369,184,62276.64,3979700.43,HEALTHY
Base,DRE-001,Satin Dresse,Dresses,SUP-004,Bosporus Accessories,Gradient Boosting,0.188583,1.0,0.95,7,94.416,4909.651,0,592,592.0,6.27,38.789,133.205,322.004,0,0.0,12941415.97,HEALTHY
Base,DRE-002,Midi Dresse,Dresses,SUP-005,Central Knitworks,Seasonal Naive,0.167027,1.0,0.97,35,75.519,3926.98,407,0,407.0,5.389,56.96,434.555,185.857,336,417950.4,11728583.68,ORDER NOW
Base,DRE-003,Wrap Dresse,Dresses,SUP-006,Thrace Manufacturing,Gradient Boosting,0.141512,1.0,0.97,21,80.478,4184.874,182,0,182.0,2.261,39.691,281.126,298.781,424,418568.56,9707435.88,ORDER NOW
Base,DRE-004,Linen Dresse,Dresses,SUP-007,Istanbul Leather,Gradient Boosting,0.162361,1.0,0.95,28,96.39,5012.304,314,636,950.0,9.856,65.807,451.369,239.639,0,0.0,14695885.07,HEALTHY
Base,DRE-005,Evening Dresse,Dresses,SUP-008,Mediterranean Fashion Supply,Gradient Boosting,0.149879,1.0,0.95,7,90.241,4692.522,0,552,552.0,6.117,30.032,120.273,394.313,0,0.0,9145587.18,HEALTHY
Base,DRE-006,Ribbed Dresse,Dresses,SUP-001,Anatolia Textiles,Gradient Boosting,0.161884,1.0,0.97,10,98.077,5100.003,707,0,707.0,7.209,49.377,189.487,212.265,0,0.0,15121058.38,HEALTHY
Base,DRE-007,Floral Dresse,Dresses,SUP-002,Marmara Apparel,Seasonal Naive,0.218898,1.0,0.98,18,56.519,2939.0,404,0,404.0,7.148,45.892,191.228,182.171,24,29738.64,8702599.5,HEALTHY
Base,DRE-008,Minimal Dresse,Dresses,SUP-003,Aegean Atelier,Gradient Boosting,0.160447,1.0,0.95,14,76.409,3973.253,127,0,127.0,1.662,28.596,181.413,312.274,370,369352.5,10893823.29,ORDER NOW
Base,DRE-009,Pleated Dresse,Dresses,SUP-004,Bosporus Accessories,Gradient Boosting,0.18373,1.0,0.98,7,81.414,4233.551,0,480,480.0,5.896,33.684,115.098,360.282,0,0.0,7470453.24,HEALTHY
Base,DRE-010,Signature Dresse,Dresses,SUP-005,Central Knitworks,Gradient Boosting,0.122755,1.0,0.95,35,88.398,4596.715,738,0,738.0,8.349,61.555,503.547,220.085,120,124604.4,13435969.68,HEALTHY
Base,KNI-001,Merino Knitwear,Knitwear,SUP-006,Thrace Manufacturing,Gradient Boosting,0.160181,1.0,0.93,21,86.035,4473.807,367,0,367.0,4.266,55.655,313.759,470.988,296,125711.2,4469014.79,MONITOR
Base,KNI-002,Cable Knitwear,Knitwear,SUP-007,Istanbul Leather,Gradient Boosting,0.137512,1.0,0.97,28,70.167,3648.699,478,0,478.0,6.812,55.34,336.01,240.422,144,140967.36,8016830.71,HEALTHY
Base,KNI-003,Soft Knitwear,Knitwear,SUP-008,Mediterranean Fashion Supply,Gradient Boosting,0.170409,1.0,0.97,7,80.542,4188.209,0,500,500.0,6.208,40.155,120.697,357.144,0,0.0,7680105.01,HEALTHY
Base,KNI-004,Ribbed Knitwear,Knitwear,SUP-001,Anatolia Textiles,Gradient Boosting,0.103222,1.0,0.97,10,72.472,3768.551,68,396,464.0,6.402,27.297,130.829,265.264,0,0.0,5116158.74,HEALTHY
Base,KNI-005,Mockneck Knitwear,Knitwear,SUP-002,Marmara Apparel,Gradient Boosting,0.255649,1.0,0.95,18,76.367,3971.083,524,0,524.0,6.862,84.164,280.536,377.419,64,24963.84,3774422.98,HEALTHY
Base,KNI-006,Cardigan Knitwear,Knitwear,SUP-003,Aegean Atelier,Gradient Boosting,0.157678,1.0,0.95,14,57.869,3009.198,166,0,166.0,2.869,32.515,148.254,399.175,220,101791.8,3195227.7,MONITOR
Base,KNI-007,Fine Knitwear,Knitwear,SUP-004,Bosporus Accessories,Gradient Boosting,0.088043,1.0,0.95,7,86.544,4500.304,0,510,510.0,5.893,22.125,108.669,386.584,0,0.0,7682286.78,HEALTHY
Base,KNI-008,Oversized Knitwear,Knitwear,SUP-005,Central Knitworks,Gradient Boosting,0.199365,1.0,0.97,35,75.454,3923.615,349,0,349.0,4.625,112.205,489.476,310.533,444,197668.8,3946273.68,ORDER NOW
Base,KNI-009,Crew Knitwear,Knitwear,SUP-006,Thrace Manufacturing,Gradient Boosting,0.152326,1.0,0.95,21,73.8,3837.625,245,0,245.0,3.32,52.407,273.808,426.727,336,149116.8,4397796.69,ORDER NOW
Base,KNI-010,Essential Knitwear,Knitwear,SUP-007,Istanbul Leather,Gradient Boosting,0.142792,1.0,0.97,28,66.719,3469.371,235,0,235.0,3.522,54.513,321.388,376.935,354,134056.26,3104251.23,ORDER NOW
Base,OUT-001,Trench Outerwear,Outerwear,SUP-008,Mediterranean Fashion Supply,Gradient Boosting,0.146916,1.0,0.93,7,39.461,2051.992,0,200,200.0,5.068,12.181,51.643,244.81,60,50245.2,3518382.56,HEALTHY
Base,OUT-002,Wool Outerwear,Outerwear,SUP-001,Anatolia Textiles,Gradient Boosting,0.157984,1.0,0.97,10,63.804,3317.799,79,336,415.0,6.504,32.445,123.593,165.417,0,0.0,10195272.35,HEALTHY
Base,OUT-003,Puffer Outerwear,Outerwear,SUP-002,Marmara Apparel,Gradient Boosting,0.127572,1.0,0.95,18,34.644,1801.492,193,0,193.0,5.571,19.999,109.083,158.576,60,60142.2,3708514.37,HEALTHY
Base,OUT-004,Tailored Outerwear,Outerwear,SUP-003,Aegean Atelier,Gradient Boosting,0.161421,1.0,0.97,14,32.514,1690.727,33,198,231.0,7.105,23.008,88.036,163.187,0,0.0,5376688.0,HEALTHY
Base,OUT-005,Cropped Outerwear,Outerwear,SUP-004,Bosporus Accessories,Gradient Boosting,0.230857,1.0,0.95,7,40.243,2092.629,115,0,115.0,2.858,23.329,63.572,251.598,112,88119.36,3845297.68,HEALTHY
Base,OUT-006,Belted Outerwear,Outerwear,SUP-005,Central Knitworks,Gradient Boosting,0.220625,1.0,0.98,35,34.895,1814.522,278,0,278.0,7.967,56.146,230.619,104.617,100,181403.0,6160007.5,HEALTHY
Base,OUT-007,Quilted Outerwear,Outerwear,SUP-006,Thrace Manufacturing,Gradient Boosting,0.192547,1.0,0.95,21,55.23,2871.939,273,0,273.0,4.943,45.253,210.942,173.785,160,320400.0,12170448.6,HEALTHY
Base,OUT-008,Classic Outerwear,Outerwear,SUP-007,Istanbul Leather,Gradient Boosting,0.217567,1.0,0.95,28,32.77,1704.016,189,0,189.0,5.768,38.651,169.729,140.392,114,152846.64,4818958.09,MONITOR
Base,OUT-009,Urban Outerwear,Outerwear,SUP-008,Mediterranean Fashion Supply,Gradient Boosting,0.154593,1.0,0.97,7,52.244,2716.672,52,0,52.0,0.995,19.957,72.201,230.22,232,290846.8,7433663.35,ORDER NOW
Base,OUT-010,Storm Outerwear,Outerwear,SUP-001,Anatolia Textiles,Gradient Boosting,0.167087,1.0,0.95,10,39.28,2042.536,28,246,274.0,6.976,18.93,75.044,118.739,0,0.0,7872125.6,HEALTHY
Base,TOP-001,Silk Top,Tops,SUP-002,Marmara Apparel,Gradient Boosting,0.099444,1.0,0.95,18,86.328,4489.08,177,520,697.0,8.074,28.8,250.788,394.374,0,0.0,4934378.23,HEALTHY
Base,TOP-002,Cotton Top,Tops,SUP-003,Aegean Atelier,Gradient Boosting,0.1789,1.0,0.97,14,83.523,4343.193,514,0,514.0,6.154,38.483,205.529,438.391,30,16610.1,6444385.51,HEALTHY
Base,TOP-003,Linen Top,Tops,SUP-004,Bosporus Accessories,Gradient Boosting,0.124157,1.0,0.97,7,87.041,4526.131,109,0,109.0,1.252,24.527,111.568,559.879,354,121652.1,4087774.82,ORDER NOW
Base,TOP-004,Draped Top,Tops,SUP-005,Central Knitworks,Gradient Boosting,0.138836,1.0,0.98,35,92.133,4790.936,763,0,763.0,8.281,72.527,533.193,321.518,140,70994.0,6717066.85,HEALTHY
Base,TOP-005,Bodysuit Top,Tops,SUP-006,Thrace Manufacturing,Gradient Boosting,0.194057,1.0,0.95,21,94.235,4900.235,273,0,273.0,2.897,52.538,335.244,439.835,444,236834.04,6504122.1,ORDER NOW
Base,TOP-006,Oxford Top,Tops,SUP-007,Istanbul Leather,Gradient Boosting,0.093169,1.0,0.95,28,107.166,5572.611,882,0,882.0,8.23,43.151,471.813,359.519,48,32093.76,9820393.1,HEALTHY
Base,TOP-007,Essential Top,Tops,SUP-008,Mediterranean Fashion Supply,Gradient Boosting,0.148013,1.0,0.97,7,108.091,5620.721,0,666,666.0,6.161,33.753,141.844,754.454,0,0.0,3652632.58,HEALTHY
Base,TOP-008,Relaxed Top,Tops,SUP-001,Anatolia Textiles,Gradient Boosting,0.156932,1.0,0.95,10,96.907,5039.149,307,0,307.0,3.168,36.528,174.966,290.194,264,184039.68,8402551.15,HEALTHY
Base,TOP-009,Studio Top,Tops,SUP-002,Marmara Apparel,Gradient Boosting,0.133052,1.0,0.95,18,118.666,6170.649,706,0,706.0,5.949,49.121,354.263,500.486,128,44119.04,5685721.59,HEALTHY
Base,TOP-010,Signature Top,Tops,SUP-003,Aegean Atelier,Gradient Boosting,0.141975,1.0,0.97,14,112.143,5831.458,537,0,537.0,4.789,44.802,269.089,764.67,184,44958.56,3891597.8,HEALTHY
Base,BOT-001,Tailored Bottom,Bottoms,SUP-004,Bosporus Accessories,Gradient Boosting,0.103302,1.0,0.97,7,79.517,4134.861,0,468,468.0,5.886,22.357,101.874,346.22,0,0.0,7030838.29,HEALTHY
Base,BOT-002,Wide-Leg Bottom,Bottoms,SUP-005,Central Knitworks,Gradient Boosting,0.177453,1.0,0.93,35,85.608,4451.601,693,0,693.0,8.095,73.563,501.601,312.5,152,75813.04,5238874.07,HEALTHY
Base,BOT-003,Straight Bottom,Bottoms,SUP-006,Thrace Manufacturing,Gradient Boosting,0.151531,1.0,0.97,21,82.228,4275.864,130,540,670.0,8.148,46.933,293.617,413.759,0,0.0,5477292.43,HEALTHY
Base,BOT-004,Satin Bottom,Bottoms,SUP-007,Istanbul Leather,Gradient Boosting,0.153544,1.0,0.93,28,70.933,3688.511,266,0,266.0,3.75,33.819,317.551,244.809,336,320701.92,7886223.68,ORDER NOW
Base,BOT-005,Pleated Bottom,Bottoms,SUP-008,Mediterranean Fashion Supply,Seasonal Naive,0.167832,1.0,0.98,7,78.846,4100.0,0,510,510.0,6.468,43.17,122.016,392.752,0,0.0,6349332.0,HEALTHY
Base,BOT-006,Cargo Bottom,Bottoms,SUP-001,Anatolia Textiles,Gradient Boosting,0.149196,1.0,0.93,10,87.687,4559.74,169,0,169.0,1.927,34.377,159.644,265.126,344,259967.68,7912316.62,MONITOR
Base,BOT-007,Cropped Bottom,Bottoms,SUP-002,Marmara Apparel,Gradient Boosting,0.175039,1.0,0.93,18,76.562,3981.206,531,0,531.0,6.936,42.6,239.473,277.357,16,11585.76,7186866.34,HEALTHY
Base,BOT-008,Relaxed Bottom,Bottoms,SUP-003,Aegean Atelier,Gradient Boosting,0.169255,1.0,0.98,14,69.106,3593.527,78,380,458.0,6.627,40.5,178.712,329.847,0,0.0,6529073.04,HEALTHY
Base,BOT-009,Classic Bottom,Bottoms,SUP-004,Bosporus Accessories,Seasonal Naive,0.159102,1.0,0.98,7,48.731,2534.01,187,0,187.0,3.837,27.576,76.307,257.708,96,87176.64,5404253.69,HEALTHY
Base,BOT-010,Studio Bottom,Bottoms,SUP-005,Central Knitworks,Gradient Boosting,0.164651,1.0,0.98,35,66.698,3468.311,526,0,526.0,7.886,56.66,390.152,263.342,140,76610.8,4250346.73,HEALTHY
Base,ACC-001,Leather Accessorie,Accessories,SUP-006,Thrace Manufacturing,Gradient Boosting,0.168206,1.0,0.95,21,97.028,5045.47,602,0,602.0,6.204,82.805,373.89,562.057,170,57176.1,4520137.92,HEALTHY
Base,ACC-002,Silk Accessorie,Accessories,SUP-007,Istanbul Leather,Seasonal Naive,0.17052,1.0,0.97,28,73.058,3799.0,155,488,643.0,8.801,102.688,394.918,488.947,48,11829.12,2713125.8,HEALTHY
Base,ACC-003,Chain Accessorie,Accessories,SUP-008,Mediterranean Fashion Supply,Gradient Boosting,0.096063,1.0,0.98,7,90.493,4705.626,0,496,496.0,5.481,31.328,121.821,505.356,0,0.0,6265566.06,HEALTHY
Base,ACC-004,Minimal Accessorie,Accessories,SUP-001,Anatolia Textiles,Gradient Boosting,0.114769,1.0,0.95,10,91.605,4763.467,472,0,472.0,5.153,35.651,166.515,415.387,72,23156.64,4517102.3,HEALTHY
Base,ACC-005,Signature Accessorie,Accessories,SUP-002,Marmara Apparel,Gradient Boosting,0.136134,1.0,0.98,18,83.385,4336.024,383,0,383.0,4.593,57.89,272.309,443.854,228,70212.6,3380247.09,HEALTHY
Base,ACC-006,Structured Accessorie,Accessories,SUP-003,Aegean Atelier,Gradient Boosting,0.177324,1.0,0.98,14,116.968,6082.343,772,0,772.0,6.6,98.58,332.516,925.431,32,5568.0,3077377.85,HEALTHY
Base,ACC-007,Everyday Accessorie,Accessories,SUP-004,Bosporus Accessories,Gradient Boosting,0.132096,1.0,0.97,7,90.812,4722.238,4,528,532.0,5.858,34.522,125.334,519.189,0,0.0,5855306.34,HEALTHY
Base,ACC-008,Statement Accessorie,Accessories,SUP-005,Central Knitworks,Gradient Boosting,0.177239,1.0,0.97,35,102.368,5323.125,277,632,909.0,8.88,119.455,631.294,454.006,132,37299.24,4279747.65,HEALTHY
Base,ACC-009,Classic Accessorie,Accessories,SUP-006,Thrace Manufacturing,Gradient Boosting,0.135296,1.0,0.95,21,87.189,4533.825,499,0,499.0,5.723,57.139,318.706,494.185,180,70369.2,5071044.46,HEALTHY
Base,ACC-010,Luxe Accessorie,Accessories,SUP-007,Istanbul Leather,Gradient Boosting,0.151957,1.0,0.95,28,88.392,4596.377,519,0,519.0,5.872,80.907,434.475,458.92,272,92061.12,4421889.37,MONITOR
Growth,DRE-001,Satin Dresse,Dresses,SUP-004,Bosporus Accessories,Gradient Boosting,0.188583,1.15,0.96,7,108.579,5646.099,0,592,592.0,5.452,47.477,156.056,345.311,0,0.0,14882628.37,HEALTHY
Growth,DRE-002,Midi Dresse,Dresses,SUP-005,Central Knitworks,Seasonal Naive,0.167027,1.15,0.98,35,86.847,4516.027,407,0,407.0,4.686,71.528,505.762,199.309,448,557267.2,13487871.23,ORDER NOW
Growth,DRE-003,Wrap Dresse,Dresses,SUP-006,Thrace Manufacturing,Gradient Boosting,0.141512,1.15,0.98,21,92.55,4812.605,182,0,182.0,1.967,49.842,327.492,320.407,516,509390.04,11163551.26,ORDER NOW
Growth,DRE-004,Linen Dresse,Dresses,SUP-007,Istanbul Leather,Gradient Boosting,0.162361,1.15,0.96,28,110.849,5764.15,314,636,950.0,8.57,80.548,523.944,256.984,60,81215.4,16900267.83,HEALTHY
Growth,DRE-005,Evening Dresse,Dresses,SUP-008,Mediterranean Fashion Supply,Gradient Boosting,0.149879,1.15,0.96,7,103.777,5396.4,0,552,552.0,5.319,36.759,140.536,422.854,24,17715.84,10517425.26,HEALTHY
Growth,DRE-006,Ribbed Dresse,Dresses,SUP-001,Anatolia Textiles,Gradient Boosting,0.161884,1.15,0.98,10,112.789,5865.003,707,0,707.0,6.268,62.005,223.132,227.629,0,0.0,17389217.14,HEALTHY
Growth,DRE-007,Floral Dresse,Dresses,SUP-002,Marmara Apparel,Seasonal Naive,0.218898,1.15,0.99,18,64.997,3379.85,404,0,404.0,6.216,59.781,226.917,195.357,88,109041.68,10007989.42,HEALTHY
Growth,DRE-008,Minimal Dresse,Dresses,SUP-003,Aegean Atelier,Gradient Boosting,0.160447,1.15,0.96,14,87.87,4569.241,127,0,127.0,1.445,35.001,210.741,334.877,440,439230.0,12527896.78,ORDER NOW
Growth,DRE-009,Pleated Dresse,Dresses,SUP-004,Bosporus Accessories,Gradient Boosting,0.18373,1.15,0.99,7,93.627,4868.584,0,480,480.0,5.127,43.878,137.504,386.36,36,27944.64,8591021.23,HEALTHY
Growth,DRE-010,Signature Dresse,Dresses,SUP-005,Central Knitworks,Gradient Boosting,0.122755,1.15,0.96,35,101.658,5286.222,738,0,738.0,7.26,75.343,583.634,236.014,256,265822.72,15451365.13,HEALTHY
Growth,KNI-001,Merino Knitwear,Knitwear,SUP-006,Thrace Manufacturing,Gradient Boosting,0.160181,1.15,0.9400000000000001,21,98.94,5144.878,367,0,367.0,3.709,67.429,364.248,505.078,400,169880.0,5139367.01,MONITOR
Growth,KNI-002,Cable Knitwear,Knitwear,SUP-007,Istanbul Leather,Gradient Boosting,0.137512,1.15,0.98,28,80.692,4196.004,478,0,478.0,5.924,69.494,392.263,257.823,240,234945.6,9219355.32,HEALTHY
Growth,KNI-003,Soft Knitwear,Knitwear,SUP-008,Mediterranean Fashion Supply,Gradient Boosting,0.170409,1.15,0.98,7,92.624,4816.44,0,500,500.0,5.398,50.425,143.049,382.994,40,32124.0,8832120.76,HEALTHY
Growth,KNI-004,Ribbed Knitwear,Knitwear,SUP-001,Anatolia Textiles,Gradient Boosting,0.103222,1.15,0.98,10,83.343,4333.834,68,396,464.0,5.567,34.279,153.34,284.464,48,29949.12,5883582.55,HEALTHY
Growth,KNI-005,Mockneck Knitwear,Knitwear,SUP-002,Marmara Apparel,Gradient Boosting,0.255649,1.15,0.96,18,87.822,4566.745,524,0,524.0,5.967,103.016,328.845,404.737,160,62409.6,4340586.43,HEALTHY
Growth,KNI-006,Cardigan Knitwear,Knitwear,SUP-003,Aegean Atelier,Gradient Boosting,0.157678,1.15,0.96,14,66.55,3460.578,166,0,166.0,2.494,39.798,172.898,428.068,280,129553.2,3674511.85,ORDER NOW
Growth,KNI-007,Fine Knitwear,Knitwear,SUP-004,Bosporus Accessories,Gradient Boosting,0.088043,1.15,0.96,7,99.526,5175.35,0,510,510.0,5.124,27.081,126.607,414.565,24,17200.56,8834629.8,HEALTHY
Growth,KNI-008,Oversized Knitwear,Knitwear,SUP-005,Central Knitworks,Gradient Boosting,0.199365,1.15,0.98,35,86.772,4512.157,349,0,349.0,4.022,140.902,574.763,333.009,576,256435.2,4538214.73,ORDER NOW
Growth,KNI-009,Crew Knitwear,Knitwear,SUP-006,Thrace Manufacturing,Gradient Boosting,0.152326,1.15,0.96,21,84.871,4413.269,245,0,245.0,2.887,64.146,318.757,457.613,420,186396.0,5057466.19,ORDER NOW
Growth,KNI-010,Essential Knitwear,Knitwear,SUP-007,Istanbul Leather,Gradient Boosting,0.142792,1.15,0.98,28,76.726,3989.777,235,0,235.0,3.063,68.455,375.361,404.217,450,170410.5,3569888.91,ORDER NOW
Growth,OUT-001,Trench Outerwear,Outerwear,SUP-008,Mediterranean Fashion Supply,Gradient Boosting,0.146916,1.15,0.9400000000000001,7,45.381,2359.791,0,200,200.0,4.407,14.758,60.139,262.53,60,50245.2,4046139.94,HEALTHY
Growth,OUT-002,Wool Outerwear,Outerwear,SUP-001,Anatolia Textiles,Gradient Boosting,0.157984,1.15,0.98,10,73.374,3815.469,79,336,415.0,5.656,40.743,145.564,177.39,30,42377.7,11724563.2,HEALTHY
Growth,OUT-003,Puffer Outerwear,Outerwear,SUP-002,Marmara Apparel,Gradient Boosting,0.127572,1.15,0.96,18,39.841,2071.716,193,0,193.0,4.844,24.478,126.926,170.054,100,100237.0,4264791.53,HEALTHY
Growth,OUT-004,Tailored Outerwear,Outerwear,SUP-003,Aegean Atelier,Gradient Boosting,0.161421,1.15,0.98,14,37.391,1944.336,33,198,231.0,6.178,28.892,103.674,174.998,24,37332.0,6183191.2,HEALTHY
Growth,OUT-005,Cropped Outerwear,Outerwear,SUP-004,Bosporus Accessories,Gradient Boosting,0.230857,1.15,0.96,7,46.279,2406.523,115,0,115.0,2.485,28.554,74.834,269.809,152,119590.56,4422092.33,HEALTHY
Growth,OUT-006,Belted Outerwear,Outerwear,SUP-005,Central Knitworks,Gradient Boosting,0.220625,1.15,0.99,35,40.129,2086.7,278,0,278.0,6.928,73.138,273.782,112.189,160,290244.8,7084008.62,MONITOR
Growth,OUT-007,Quilted Outerwear,Outerwear,SUP-006,Thrace Manufacturing,Gradient Boosting,0.192547,1.15,0.96,21,63.514,3302.73,273,0,273.0,4.298,55.389,245.932,186.364,232,464580.0,13996015.89,MONITOR
Growth,OUT-008,Classic Outerwear,Outerwear,SUP-007,Istanbul Leather,Gradient Boosting,0.217567,1.15,0.96,28,37.685,1959.618,189,0,189.0,5.015,47.308,198.048,150.554,162,217203.12,5541801.8,ORDER NOW
Growth,OUT-009,Urban Outerwear,Outerwear,SUP-008,Mediterranean Fashion Supply,Gradient Boosting,0.154593,1.15,0.98,7,60.08,3124.173,52,0,52.0,0.866,25.061,85.141,246.884,276,346007.4,8548712.85,ORDER NOW
Growth,OUT-010,Storm Outerwear,Outerwear,SUP-001,Anatolia Textiles,Gradient Boosting,0.167087,1.15,0.96,10,45.171,2348.916,28,246,274.0,6.066,23.171,87.701,127.334,0,0.0,9052944.44,HEALTHY
Growth,TOP-001,Silk Top,Tops,SUP-002,Marmara Apparel,Gradient Boosting,0.099444,1.15,0.96,18,99.278,5162.442,177,520,697.0,7.021,35.251,290.537,422.919,0,0.0,5674534.96,HEALTHY
Growth,TOP-002,Cotton Top,Tops,SUP-003,Aegean Atelier,Gradient Boosting,0.1789,1.15,0.98,14,96.051,4994.672,514,0,514.0,5.351,48.325,240.427,470.122,120,66440.4,7411043.34,HEALTHY
Growth,TOP-003,Linen Top,Tops,SUP-004,Bosporus Accessories,Gradient Boosting,0.124157,1.15,0.98,7,100.097,5205.051,109,0,109.0,1.089,30.8,130.898,600.403,426,146394.9,4700941.04,ORDER NOW
Growth,TOP-004,Draped Top,Tops,SUP-005,Central Knitworks,Gradient Boosting,0.138836,1.15,0.99,35,105.953,5509.576,763,0,763.0,7.201,94.476,624.243,344.79,290,147059.0,7724626.88,HEALTHY
Growth,TOP-005,Bodysuit Top,Tops,SUP-006,Thrace Manufacturing,Gradient Boosting,0.194057,1.15,0.96,21,108.371,5635.27,273,0,273.0,2.519,64.306,389.418,471.671,552,294442.32,7479740.41,ORDER NOW
Growth,TOP-006,Oxford Top,Tops,SUP-007,Istanbul Leather,Gradient Boosting,0.093169,1.15,0.96,28,123.24,6408.503,882,0,882.0,7.157,52.817,545.778,385.542,168,112328.16,11293452.06,HEALTHY
Growth,TOP-007,Essential Top,Tops,SUP-008,Mediterranean Fashion Supply,Gradient Boosting,0.148013,1.15,0.98,7,124.304,6463.829,0,666,666.0,5.358,42.385,166.689,809.062,0,0.0,4200527.47,HEALTHY
Growth,TOP-008,Relaxed Top,Tops,SUP-001,Anatolia Textiles,Gradient Boosting,0.156932,1.15,0.96,10,111.443,5795.021,307,0,307.0,2.755,44.71,203.914,311.198,348,242597.76,9662933.82,HEALTHY
Growth,TOP-009,Studio Top,Tops,SUP-002,Marmara Apparel,Gradient Boosting,0.133052,1.15,0.96,18,136.466,7096.246,706,0,706.0,5.173,60.123,411.037,536.712,256,88238.08,6538579.83,HEALTHY
Growth,TOP-010,Signature Top,Tops,SUP-003,Aegean Atelier,Gradient Boosting,0.141975,1.15,0.98,14,128.965,6706.177,537,0,537.0,4.164,56.261,314.191,820.018,296,72324.64,4475337.47,HEALTHY
Growth,BOT-001,Tailored Bottom,Bottoms,SUP-004,Bosporus Accessories,Gradient Boosting,0.103302,1.15,0.98,7,91.444,4755.09,0,468,468.0,5.118,28.075,119.519,371.28,72,59110.56,8085464.03,HEALTHY
Growth,BOT-002,Wide-Leg Bottom,Bottoms,SUP-005,Central Knitworks,Gradient Boosting,0.177453,1.15,0.9400000000000001,35,98.449,5119.341,693,0,693.0,7.039,89.125,581.369,335.119,284,141650.68,6024705.18,MONITOR
Growth,BOT-003,Straight Bottom,Bottoms,SUP-006,Thrace Manufacturing,Gradient Boosting,0.151531,1.15,0.98,21,94.562,4917.244,130,540,670.0,7.085,58.936,342.623,443.707,72,37869.12,6298886.29,HEALTHY
Growth,BOT-004,Satin Bottom,Bottoms,SUP-007,Istanbul Leather,Gradient Boosting,0.153544,1.15,0.9400000000000001,28,81.573,4241.788,266,0,266.0,3.261,40.974,367.265,262.528,432,412331.04,9069157.23,ORDER NOW
Growth,BOT-005,Pleated Bottom,Bottoms,SUP-008,Mediterranean Fashion Supply,Seasonal Naive,0.167832,1.15,0.99,7,90.673,4715.0,0,510,510.0,5.625,56.235,146.908,421.18,0,0.0,7301731.8,HEALTHY
Growth,BOT-006,Cargo Bottom,Bottoms,SUP-001,Anatolia Textiles,Gradient Boosting,0.149196,1.15,0.9400000000000001,10,100.84,5243.701,169,0,169.0,1.676,41.649,185.707,284.316,424,320425.28,9099164.11,ORDER NOW
Growth,BOT-007,Cropped Bottom,Bottoms,SUP-002,Marmara Apparel,Gradient Boosting,0.175039,1.15,0.9400000000000001,18,88.046,4578.387,531,0,531.0,6.031,51.612,278.016,297.433,100,72411.0,8264896.29,HEALTHY
Growth,BOT-008,Relaxed Bottom,Bottoms,SUP-003,Aegean Atelier,Gradient Boosting,0.169255,1.15,0.99,14,79.472,4132.556,78,380,458.0,5.763,52.756,211.701,353.722,80,64736.8,7508434.0,HEALTHY
Growth,BOT-009,Classic Bottom,Bottoms,SUP-004,Bosporus Accessories,Seasonal Naive,0.159102,1.15,0.99,7,56.041,2914.111,187,0,187.0,3.337,35.921,91.962,276.361,132,119867.88,6214891.74,HEALTHY
Growth,BOT-010,Studio Bottom,Bottoms,SUP-005,Central Knitworks,Gradient Boosting,0.164651,1.15,0.99,35,76.703,3988.558,526,0,526.0,6.858,73.808,457.323,282.403,240,131332.8,4887898.74,MONITOR
Growth,ACC-001,Leather Accessorie,Accessories,SUP-006,Thrace Manufacturing,Gradient Boosting,0.168206,1.15,0.96,21,111.583,5802.291,602,0,602.0,5.395,101.353,436.101,602.738,290,97535.7,5198158.61,HEALTHY
Growth,ACC-002,Silk Accessorie,Accessories,SUP-007,Istanbul Leather,Seasonal Naive,0.17052,1.15,0.98,28,84.016,4368.85,155,488,643.0,7.653,128.95,465.016,524.337,160,39430.4,3120094.67,HEALTHY
Growth,ACC-003,Chain Accessorie,Accessories,SUP-008,Mediterranean Fashion Supply,Gradient Boosting,0.096063,1.15,0.99,7,104.067,5411.47,0,496,496.0,4.766,40.809,144.876,541.934,68,30644.88,7205400.97,HEALTHY
Growth,ACC-004,Minimal Accessorie,Accessories,SUP-001,Anatolia Textiles,Gradient Boosting,0.114769,1.15,0.96,10,105.346,5477.987,472,0,472.0,4.48,43.637,194.131,445.453,144,46313.28,5194667.64,HEALTHY
Growth,ACC-005,Signature Accessorie,Accessories,SUP-002,Marmara Apparel,Gradient Boosting,0.136134,1.15,0.99,18,95.893,4986.428,383,0,383.0,3.994,75.41,321.992,475.981,324,99775.8,3887284.15,MONITOR
Growth,ACC-006,Structured Accessorie,Accessories,SUP-003,Aegean Atelier,Gradient Boosting,0.177324,1.15,0.99,14,134.513,6994.694,772,0,772.0,5.739,128.414,397.441,992.414,168,29232.0,3538984.53,HEALTHY
Growth,ACC-007,Everyday Accessorie,Accessories,SUP-004,Bosporus Accessories,Gradient Boosting,0.132096,1.15,0.98,7,104.434,5430.574,4,528,532.0,5.094,43.351,147.785,556.768,36,15009.84,6733602.29,HEALTHY
Growth,ACC-008,Statement Accessorie,Accessories,SUP-005,Central Knitworks,Gradient Boosting,0.177239,1.15,0.98,35,117.723,6121.594,277,632,909.0,7.722,150.006,738.621,486.868,304,85901.28,4921709.8,HEALTHY
Growth,ACC-009,Classic Accessorie,Accessories,SUP-006,Thrace Manufacturing,Gradient Boosting,0.135296,1.15,0.96,21,100.267,5213.899,499,0,499.0,4.977,69.938,370.74,529.954,276,107899.44,5831701.13,HEALTHY
Growth,ACC-010,Luxe Accessorie,Accessories,SUP-007,Istanbul Leather,Gradient Boosting,0.151957,1.15,0.96,28,101.651,5285.834,519,0,519.0,5.106,99.03,505.632,492.137,396,134030.16,5085172.78,MONITOR
Resilience,DRE-001,Satin Dresse,Dresses,SUP-004,Bosporus Accessories,Gradient Boosting,0.188583,1.05,0.97,21,99.137,5155.134,0,592,592.0,5.972,80.663,378.074,329.956,184,207358.8,13588486.77,HEALTHY
Resilience,DRE-002,Midi Dresse,Dresses,SUP-005,Central Knitworks,Seasonal Naive,0.167027,1.05,0.99,49,79.295,4123.329,407,0,407.0,5.133,87.531,642.594,190.447,560,696584.0,12315012.86,ORDER NOW
Resilience,DRE-003,Wrap Dresse,Dresses,SUP-006,Thrace Manufacturing,Gradient Boosting,0.141512,1.05,0.99,35,84.502,4394.118,182,0,182.0,2.154,66.549,489.06,306.159,648,639699.12,10192807.67,ORDER NOW
Resilience,DRE-004,Linen Dresse,Dresses,SUP-007,Istanbul Leather,Gradient Boosting,0.162361,1.05,0.97,42,101.21,5262.919,314,636,950.0,9.386,96.766,704.026,245.557,168,227403.12,15430679.32,HEALTHY
Resilience,DRE-005,Evening Dresse,Dresses,SUP-008,Mediterranean Fashion Supply,Gradient Boosting,0.149879,1.05,0.97,21,94.753,4927.148,0,552,552.0,5.826,62.452,346.71,404.051,174,128439.84,9602866.54,HEALTHY
Resilience,DRE-006,Ribbed Dresse,Dresses,SUP-001,Anatolia Textiles,Gradient Boosting,0.161884,1.05,0.99,24,102.981,5355.003,707,0,707.0,6.865,99.346,452.423,217.507,160,210988.8,15877111.3,HEALTHY
Resilience,DRE-007,Floral Dresse,Dresses,SUP-002,Marmara Apparel,Seasonal Naive,0.218898,1.05,0.995,32,59.345,3085.95,404,0,404.0,6.808,80.582,351.875,186.67,192,237909.12,9137729.47,MONITOR
Resilience,DRE-008,Minimal Dresse,Dresses,SUP-003,Aegean Atelier,Gradient Boosting,0.160447,1.05,0.97,28,80.229,4171.916,127,0,127.0,1.583,48.553,369.47,319.986,570,569002.5,11438514.45,ORDER NOW
Resilience,DRE-009,Pleated Dresse,Dresses,SUP-004,Bosporus Accessories,Gradient Boosting,0.18373,1.05,0.995,21,85.485,4445.229,0,480,480.0,5.615,76.831,333.287,369.179,198,153695.52,7843975.9,HEALTHY
Resilience,DRE-010,Signature Dresse,Dresses,SUP-005,Central Knitworks,Gradient Boosting,0.122755,1.05,0.97,49,92.818,4826.551,738,0,738.0,7.951,87.444,737.172,225.52,376,390427.12,14107768.16,MONITOR
Resilience,KNI-001,Merino Knitwear,Knitwear,SUP-006,Thrace Manufacturing,Gradient Boosting,0.160181,1.05,0.9500000000000001,35,90.336,4697.497,367,0,367.0,4.063,84.085,535.768,482.619,536,227639.2,4692465.53,ORDER NOW
Resilience,KNI-002,Cable Knitwear,Knitwear,SUP-007,Istanbul Leather,Gradient Boosting,0.137512,1.05,0.99,42,73.676,3831.134,478,0,478.0,6.488,88.026,530.08,246.359,348,340671.12,8417672.25,ORDER NOW
Resilience,KNI-003,Soft Knitwear,Knitwear,SUP-008,Mediterranean Fashion Supply,Gradient Boosting,0.170409,1.05,0.99,21,84.57,4397.619,0,500,500.0,5.912,90.328,344.037,365.963,190,152589.0,8064110.26,HEALTHY
Resilience,KNI-004,Ribbed Knitwear,Knitwear,SUP-001,Anatolia Textiles,Gradient Boosting,0.103222,1.05,0.99,24,76.096,3956.979,68,396,464.0,6.098,54.922,315.822,271.815,168,104821.92,5371966.68,HEALTHY
Resilience,KNI-005,Mockneck Knitwear,Knitwear,SUP-002,Marmara Apparel,Gradient Boosting,0.255649,1.05,0.97,32,80.185,4169.637,524,0,524.0,6.535,134.732,501.293,386.739,300,117018.0,3963144.13,MONITOR
Resilience,KNI-006,Cardigan Knitwear,Knitwear,SUP-003,Aegean Atelier,Gradient Boosting,0.157678,1.05,0.97,28,60.763,3159.658,166,0,166.0,2.732,55.208,298.259,409.033,380,175822.2,3354989.09,ORDER NOW
Resilience,KNI-007,Fine Knitwear,Knitwear,SUP-004,Bosporus Accessories,Gradient Boosting,0.088043,1.05,0.97,21,90.872,4725.319,0,510,510.0,5.612,46.009,318.624,396.131,174,124704.06,8066401.12,HEALTHY
Resilience,KNI-008,Oversized Knitwear,Knitwear,SUP-005,Central Knitworks,Gradient Boosting,0.199365,1.05,0.99,49,79.227,4119.796,349,0,349.0,4.405,172.424,727.012,318.201,696,309859.2,4143587.36,ORDER NOW
Resilience,KNI-009,Crew Knitwear,Knitwear,SUP-006,Thrace Manufacturing,Gradient Boosting,0.152326,1.05,0.97,35,77.491,4029.506,245,0,245.0,3.162,81.23,468.682,437.265,540,239652.0,4617686.52,ORDER NOW
Resilience,KNI-010,Essential Knitwear,Knitwear,SUP-007,Istanbul Leather,Gradient Boosting,0.142792,1.05,0.99,42,70.055,3642.84,235,0,235.0,3.355,86.71,507.037,386.243,558,211309.02,3259463.79,ORDER NOW
Resilience,OUT-001,Trench Outerwear,Outerwear,SUP-008,Mediterranean Fashion Supply,Gradient Boosting,0.146916,1.05,0.9500000000000001,21,41.434,2154.592,0,200,200.0,4.827,24.691,148.995,250.856,120,100490.4,3694301.69,HEALTHY
Resilience,OUT-002,Wool Outerwear,Outerwear,SUP-001,Anatolia Textiles,Gradient Boosting,0.157984,1.05,0.99,24,66.994,3483.689,79,336,415.0,6.195,65.28,294.973,169.502,150,211888.5,10705035.97,HEALTHY
Resilience,OUT-003,Puffer Outerwear,Outerwear,SUP-002,Marmara Apparel,Gradient Boosting,0.127572,1.05,0.97,32,36.376,1891.567,193,0,193.0,5.306,32.014,198.306,162.492,160,160379.2,3893940.09,ORDER NOW
Resilience,OUT-004,Tailored Outerwear,Outerwear,SUP-003,Aegean Atelier,Gradient Boosting,0.161421,1.05,0.99,28,34.14,1775.263,33,198,231.0,6.766,42.258,178.817,167.217,90,139995.0,5645522.4,HEALTHY
Resilience,OUT-005,Cropped Outerwear,Outerwear,SUP-004,Bosporus Accessories,Gradient Boosting,0.230857,1.05,0.97,21,42.255,2197.26,115,0,115.0,2.722,48.513,175.278,257.812,232,182532.96,4037562.56,ORDER NOW
Resilience,OUT-006,Belted Outerwear,Outerwear,SUP-005,Central Knitworks,Gradient Boosting,0.220625,1.05,0.995,49,36.639,1905.248,278,0,278.0,7.587,87.486,343.962,107.2,220,399086.6,6468007.88,ORDER NOW
Resilience,OUT-007,Quilted Outerwear,Outerwear,SUP-006,Thrace Manufacturing,Gradient Boosting,0.192547,1.05,0.97,35,57.991,3015.536,273,0,273.0,4.708,70.142,360.097,178.077,320,640800.0,12778971.03,ORDER NOW
Resilience,OUT-008,Classic Outerwear,Outerwear,SUP-007,Istanbul Leather,Gradient Boosting,0.217567,1.05,0.97,42,34.408,1789.217,189,0,189.0,5.493,56.834,263.282,143.859,216,289604.16,5059905.99,ORDER NOW
Resilience,OUT-009,Urban Outerwear,Outerwear,SUP-008,Mediterranean Fashion Supply,Gradient Boosting,0.154593,1.05,0.99,21,54.856,2852.506,52,0,52.0,0.948,44.893,209.461,235.906,380,476387.0,7805346.52,ORDER NOW
Resilience,OUT-010,Storm Outerwear,Outerwear,SUP-001,Anatolia Textiles,Gradient Boosting,0.167087,1.05,0.97,24,41.244,2144.663,28,246,274.0,6.643,35.21,176.617,121.671,72,121518.0,8265731.88,HEALTHY
Resilience,TOP-001,Silk Top,Tops,SUP-002,Marmara Apparel,Gradient Boosting,0.099444,1.05,0.97,32,90.645,4713.534,177,520,697.0,7.689,46.104,460.481,404.114,128,51691.52,5181097.14,HEALTHY
Resilience,TOP-002,Cotton Top,Tops,SUP-003,Aegean Atelier,Gradient Boosting,0.1789,1.05,0.99,28,87.699,4560.353,514,0,514.0,5.861,70.681,421.477,449.218,260,143954.2,6766604.79,HEALTHY
Resilience,TOP-003,Linen Top,Tops,SUP-004,Bosporus Accessories,Gradient Boosting,0.124157,1.05,0.99,21,91.393,4752.438,109,0,109.0,1.193,55.174,329.353,573.705,588,202066.2,4292163.56,ORDER NOW
Resilience,TOP-004,Draped Top,Tops,SUP-005,Central Knitworks,Gradient Boosting,0.138836,1.05,0.995,49,96.74,5030.483,763,0,763.0,7.887,113.011,790.191,329.458,420,212982.0,7052920.19,ORDER NOW
Resilience,TOP-005,Bodysuit Top,Tops,SUP-006,Thrace Manufacturing,Gradient Boosting,0.194057,1.05,0.97,35,98.947,5145.247,273,0,273.0,2.759,81.433,576.168,450.697,708,377654.28,6829328.21,ORDER NOW
Resilience,TOP-006,Oxford Top,Tops,SUP-007,Istanbul Leather,Gradient Boosting,0.093169,1.05,0.97,42,112.524,5851.242,882,0,882.0,7.838,63.451,738.595,368.398,312,208609.44,10311412.76,MONITOR
Resilience,TOP-007,Essential Top,Tops,SUP-008,Mediterranean Fashion Supply,Gradient Boosting,0.148013,1.05,0.99,21,113.495,5901.757,0,666,666.0,5.868,75.926,416.412,773.086,210,50719.2,3835264.21,HEALTHY
Resilience,TOP-008,Relaxed Top,Tops,SUP-001,Anatolia Textiles,Gradient Boosting,0.156932,1.05,0.97,24,101.752,5291.106,307,0,307.0,3.017,67.941,416.805,297.36,528,368079.36,8822678.71,ORDER NOW
Resilience,TOP-009,Studio Top,Tops,SUP-002,Marmara Apparel,Gradient Boosting,0.133052,1.05,0.97,32,124.6,6479.181,706,0,706.0,5.666,78.633,648.232,512.846,448,154416.64,5970007.67,MONITOR
Resilience,TOP-010,Signature Top,Tops,SUP-003,Aegean Atelier,Gradient Boosting,0.141975,1.05,0.99,28,117.751,6123.031,537,0,537.0,4.56,82.289,553.291,783.554,488,119237.92,4086177.69,ORDER NOW
Resilience,BOT-001,Tailored Bottom,Bottoms,SUP-004,Bosporus Accessories,Gradient Boosting,0.103302,1.05,0.99,21,83.492,4341.604,0,468,468.0,5.605,50.292,300.769,354.77,168,137924.64,7382380.2,HEALTHY
Resilience,BOT-002,Wide-Leg Bottom,Bottoms,SUP-005,Central Knitworks,Gradient Boosting,0.177453,1.05,0.9500000000000001,49,89.888,4674.181,693,0,693.0,7.71,101.863,731.079,320.217,400,199508.0,5500817.77,ORDER NOW
Resilience,BOT-003,Straight Bottom,Bottoms,SUP-006,Thrace Manufacturing,Gradient Boosting,0.151531,1.05,0.99,35,86.34,4489.657,130,540,670.0,7.76,78.691,510.388,423.977,192,100984.32,5751157.05,HEALTHY
Resilience,BOT-004,Satin Bottom,Bottoms,SUP-007,Istanbul Leather,Gradient Boosting,0.153544,1.05,0.9500000000000001,42,74.48,3872.937,266,0,266.0,3.571,48.473,495.35,250.854,528,503960.16,8280534.86,ORDER NOW
Resilience,BOT-005,Pleated Bottom,Bottoms,SUP-008,Mediterranean Fashion Supply,Seasonal Naive,0.167832,1.05,0.995,21,82.788,4305.0,0,510,510.0,6.16,98.469,346.834,402.451,168,109215.12,6666798.6,HEALTHY
Resilience,BOT-006,Cargo Bottom,Bottoms,SUP-001,Anatolia Textiles,Gradient Boosting,0.149196,1.05,0.9500000000000001,24,92.072,4787.727,169,0,169.0,1.836,62.325,377.999,271.673,584,441340.48,8307932.45,ORDER NOW
Resilience,BOT-007,Cropped Bottom,Bottoms,SUP-002,Marmara Apparel,Gradient Boosting,0.175039,1.05,0.9500000000000001,32,80.39,4180.266,531,0,531.0,6.605,66.472,433.968,284.207,228,165097.08,7546209.66,HEALTHY
Resilience,BOT-008,Relaxed Bottom,Bottoms,SUP-003,Aegean Atelier,Gradient Boosting,0.169255,1.05,0.995,28,72.562,3773.203,78,380,458.0,6.312,75.426,365.673,337.993,200,161842.0,6855526.69,HEALTHY
Resilience,BOT-009,Classic Bottom,Bottoms,SUP-004,Bosporus Accessories,Seasonal Naive,0.159102,1.05,0.995,21,51.168,2660.711,187,0,187.0,3.655,62.899,216.402,264.072,240,217941.6,5674466.37,ORDER NOW
Resilience,BOT-010,Studio Bottom,Bottoms,SUP-005,Central Knitworks,Gradient Boosting,0.164651,1.05,0.995,49,70.033,3641.727,526,0,526.0,7.511,88.288,578.52,269.845,340,186054.8,4462864.07,ORDER NOW
Resilience,ACC-001,Leather Accessorie,Accessories,SUP-006,Thrace Manufacturing,Gradient Boosting,0.168206,1.05,0.97,35,101.88,5297.744,602,0,602.0,5.909,128.347,637.745,575.937,450,151348.5,4746144.82,ORDER NOW
Resilience,ACC-002,Silk Accessorie,Accessories,SUP-007,Istanbul Leather,Seasonal Naive,0.17052,1.05,0.99,42,76.711,3988.95,155,488,643.0,8.382,163.338,623.601,501.021,288,70974.72,2848782.09,MONITOR
Resilience,ACC-003,Chain Accessorie,Accessories,SUP-008,Mediterranean Fashion Supply,Gradient Boosting,0.096063,1.05,0.995,21,95.017,4940.907,0,496,496.0,5.22,71.458,356.51,517.836,244,109961.04,6578844.36,HEALTHY
Resilience,ACC-004,Minimal Accessorie,Accessories,SUP-001,Anatolia Textiles,Gradient Boosting,0.114769,1.05,0.97,24,96.185,5001.64,472,0,472.0,4.907,66.31,396.089,425.645,312,100345.44,4742957.42,MONITOR
Resilience,ACC-005,Signature Accessorie,Accessories,SUP-002,Marmara Apparel,Gradient Boosting,0.136134,1.05,0.995,32,87.554,4552.825,383,0,383.0,4.374,101.649,501.897,454.815,480,147816.0,3549259.44,ORDER NOW
Resilience,ACC-006,Structured Accessorie,Accessories,SUP-003,Aegean Atelier,Gradient Boosting,0.177324,1.05,0.995,28,122.817,6386.46,772,0,772.0,6.286,183.595,674.861,948.284,400,69600.0,3231246.74,MONITOR
Resilience,ACC-007,Everyday Accessorie,Accessories,SUP-004,Bosporus Accessories,Gradient Boosting,0.132096,1.05,0.99,21,95.353,4958.35,4,528,532.0,5.579,77.657,363.715,532.011,216,90059.04,6148071.66,HEALTHY
Resilience,ACC-008,Statement Accessorie,Accessories,SUP-005,Central Knitworks,Gradient Boosting,0.177239,1.05,0.99,49,107.486,5589.281,277,632,909.0,8.457,183.566,935.969,465.218,460,129982.2,4493735.03,ORDER NOW
Resilience,ACC-009,Classic Accessorie,Accessories,SUP-006,Thrace Manufacturing,Gradient Boosting,0.135296,1.05,0.97,35,91.548,4760.516,499,0,499.0,5.451,88.565,546.306,506.389,420,164194.8,5324596.68,ORDER NOW
Resilience,ACC-010,Luxe Accessorie,Accessories,SUP-007,Istanbul Leather,Gradient Boosting,0.151957,1.05,0.97,42,92.811,4826.196,519,0,519.0,5.592,118.969,675.838,470.253,532,180060.72,4642983.84,ORDER NOW
