SKU,Model,MAE,RMSE,WAPE,Bias,RankWithinSKU,ChampionFlag
ACC-001,Seasonal Naive,24.77,35.8169,0.201761,0.001247,2.0,False
ACC-001,8-Week Moving Average,26.0058,45.2288,0.211826,-0.188659,3.0,False
ACC-001,Gradient Boosting,20.6505,27.9251,0.168206,-0.000983,1.0,True
ACC-002,Seasonal Naive,18.1538,27.6071,0.17052,-0.080925,1.0,True
ACC-002,8-Week Moving Average,35.7404,52.2948,0.335712,-0.225741,3.0,False
ACC-002,Gradient Boosting,20.0016,24.8972,0.187876,0.00505,2.0,False
ACC-003,Seasonal Naive,15.0,19.353,0.13347,-0.037645,2.0,False
ACC-003,8-Week Moving Average,28.5385,45.6212,0.253936,-0.208316,3.0,False
ACC-003,Gradient Boosting,10.7959,14.9698,0.096063,0.02714,1.0,True
ACC-004,Seasonal Naive,19.6915,24.149,0.156762,-0.095524,2.0,False
ACC-004,8-Week Moving Average,35.7204,55.3686,0.284365,-0.201943,3.0,False
ACC-004,Gradient Boosting,14.4167,18.0485,0.114769,-0.037512,1.0,True
ACC-005,Seasonal Naive,15.6923,18.0469,0.154545,-0.116667,2.0,False
ACC-005,8-Week Moving Average,25.5933,37.1933,0.252055,-0.192472,3.0,False
ACC-005,Gradient Boosting,13.8228,17.1816,0.136134,0.031108,1.0,True
ACC-006,Seasonal Naive,34.8454,40.939,0.196525,-0.128846,2.0,False
ACC-006,8-Week Moving Average,43.8125,62.9234,0.247099,-0.219713,3.0,False
ACC-006,Gradient Boosting,31.441,39.9395,0.177324,-0.130059,1.0,True
ACC-007,Seasonal Naive,16.5392,20.1832,0.139707,-0.072131,2.0,False
ACC-007,8-Week Moving Average,31.2266,43.5468,0.26377,-0.202169,3.0,False
ACC-007,Gradient Boosting,15.6383,17.6591,0.132096,0.007766,1.0,True
ACC-008,Seasonal Naive,27.0,33.5617,0.194245,-0.115661,2.0,False
ACC-008,8-Week Moving Average,42.0365,60.6762,0.302421,-0.22399,3.0,False
ACC-008,Gradient Boosting,24.6363,30.1119,0.177239,-0.091563,1.0,True
ACC-009,Seasonal Naive,17.4615,22.06,0.154107,-0.026477,2.0,False
ACC-009,8-Week Moving Average,29.5443,49.7436,0.260744,-0.202956,3.0,False
ACC-009,Gradient Boosting,15.3301,19.4299,0.135296,-0.022026,1.0,True
ACC-010,Seasonal Naive,20.0,25.801,0.159509,-0.017178,2.0,False
ACC-010,8-Week Moving Average,33.5125,55.4768,0.267278,-0.217002,3.0,False
ACC-010,Gradient Boosting,19.053,23.6722,0.151957,-0.011391,1.0,True
BOT-001,Seasonal Naive,16.6923,19.3768,0.192035,-0.10354,2.0,False
BOT-001,8-Week Moving Average,17.6894,25.0392,0.203507,-0.085763,3.0,False
BOT-001,Gradient Boosting,8.9793,11.5752,0.103302,0.021691,1.0,True
BOT-002,Seasonal Naive,19.7685,24.2691,0.199526,-0.180893,2.0,False
BOT-002,8-Week Moving Average,24.2452,34.5168,0.244711,-0.146885,3.0,False
BOT-002,Gradient Boosting,17.5815,22.5981,0.177453,-0.072764,1.0,True
BOT-003,Seasonal Naive,17.0008,19.9482,0.192183,-0.112183,3.0,False
BOT-003,8-Week Moving Average,15.3962,24.798,0.174043,-0.133043,2.0,False
BOT-003,Gradient Boosting,13.4046,15.1756,0.151531,-0.070327,1.0,True
BOT-004,Seasonal Naive,14.5377,17.6384,0.218743,-0.121496,2.0,False
BOT-004,8-Week Moving Average,14.6427,17.7619,0.220323,-0.067062,3.0,False
BOT-004,Gradient Boosting,10.2045,11.2586,0.153544,0.035513,1.0,True
BOT-005,Seasonal Naive,14.7692,22.0175,0.167832,-0.09965,1.0,True
BOT-005,8-Week Moving Average,26.276,37.1467,0.29859,-0.075164,3.0,False
BOT-005,Gradient Boosting,15.8258,21.1791,0.179839,0.009935,2.0,False
BOT-006,Seasonal Naive,16.3085,21.075,0.167334,-0.13259,2.0,False
BOT-006,8-Week Moving Average,22.6759,29.4125,0.232667,-0.089918,3.0,False
BOT-006,Gradient Boosting,14.5408,19.1937,0.149196,-0.043275,1.0,True
BOT-007,Seasonal Naive,18.3069,22.346,0.229499,-0.071369,2.0,False
BOT-007,8-Week Moving Average,21.4673,31.3981,0.269118,-0.144769,3.0,False
BOT-007,Gradient Boosting,13.9627,17.8501,0.175039,-0.055396,1.0,True
BOT-008,Seasonal Naive,15.0769,18.0128,0.224771,-0.08945,3.0,False
BOT-008,8-Week Moving Average,13.1654,21.4683,0.196273,-0.122448,2.0,False
BOT-008,Gradient Boosting,11.3531,13.4328,0.169255,-0.014649,1.0,True
BOT-009,Seasonal Naive,9.1546,14.0696,0.159102,-0.097606,1.0,True
BOT-009,8-Week Moving Average,15.7309,21.5635,0.273394,-0.081908,3.0,False
BOT-009,Gradient Boosting,9.8605,12.505,0.171369,0.015694,2.0,False
BOT-010,Seasonal Naive,13.3077,16.1603,0.225849,-0.037859,3.0,False
BOT-010,8-Week Moving Average,13.2375,17.9014,0.224657,-0.053019,2.0,False
BOT-010,Gradient Boosting,9.7017,11.8606,0.164651,-0.006602,1.0,True
DRE-001,Seasonal Naive,25.6154,31.5948,0.276119,-0.08209,2.0,False
DRE-001,8-Week Moving Average,29.075,32.6231,0.313412,0.065858,3.0,False
DRE-001,Gradient Boosting,17.4947,22.6762,0.188583,-0.01009,1.0,True
DRE-002,Seasonal Naive,12.3085,15.8651,0.167027,-0.123164,1.0,True
DRE-002,8-Week Moving Average,25.1527,30.0124,0.341324,0.085441,3.0,False
DRE-002,Gradient Boosting,13.2194,17.5115,0.179389,0.050589,2.0,False
DRE-003,Seasonal Naive,14.3846,19.9326,0.21897,-0.193208,2.0,False
DRE-003,8-Week Moving Average,15.9462,17.982,0.24274,0.0387,3.0,False
DRE-003,Gradient Boosting,9.2962,11.8398,0.141512,0.026989,1.0,True
DRE-004,Seasonal Naive,30.7692,33.6909,0.306984,-0.194935,3.0,False
DRE-004,8-Week Moving Average,20.2269,26.3993,0.201803,-0.017749,2.0,False
DRE-004,Gradient Boosting,16.2735,21.9024,0.162361,-0.104806,1.0,True
DRE-005,Seasonal Naive,19.3077,21.521,0.219598,-0.114611,2.0,False
DRE-005,8-Week Moving Average,21.8462,30.7008,0.248469,0.002428,3.0,False
DRE-005,Gradient Boosting,13.1778,17.9269,0.149879,-0.042041,1.0,True
DRE-006,Seasonal Naive,16.8462,20.6342,0.178484,-0.123064,2.0,False
DRE-006,8-Week Moving Average,26.9528,31.1862,0.285564,0.072972,3.0,False
DRE-006,Gradient Boosting,15.2793,21.5653,0.161884,-0.047043,1.0,True
DRE-007,Seasonal Naive,10.6923,13.3906,0.218898,-0.004724,1.0,True
DRE-007,8-Week Moving Average,16.2769,19.0416,0.333228,0.139724,3.0,False
DRE-007,Gradient Boosting,11.7634,13.3697,0.240825,0.164893,2.0,False
DRE-008,Seasonal Naive,12.6154,16.4738,0.191365,-0.165694,2.0,False
DRE-008,8-Week Moving Average,17.6605,24.91,0.267896,0.012732,3.0,False
DRE-008,Gradient Boosting,10.5771,12.287,0.160447,0.051363,1.0,True
DRE-009,Seasonal Naive,17.8462,23.4357,0.245763,-0.154661,2.0,False
DRE-009,8-Week Moving Average,24.824,27.8444,0.341856,0.075331,3.0,False
DRE-009,Gradient Boosting,13.3416,15.7576,0.18373,-0.001323,1.0,True
DRE-010,Seasonal Naive,15.5392,18.0053,0.185499,-0.104691,2.0,False
DRE-010,8-Week Moving Average,19.6094,25.5428,0.234086,0.054636,3.0,False
DRE-010,Gradient Boosting,10.2832,16.0959,0.122755,-0.008736,1.0,True
KNI-001,Seasonal Naive,18.8462,23.9888,0.169199,-0.07942,2.0,False
KNI-001,8-Week Moving Average,29.4221,38.3906,0.264149,-0.166048,3.0,False
KNI-001,Gradient Boosting,17.8417,22.5044,0.160181,-0.074503,1.0,True
KNI-002,Seasonal Naive,15.8469,18.6843,0.179923,-0.026192,2.0,False
KNI-002,8-Week Moving Average,22.701,31.1848,0.257743,-0.204911,3.0,False
KNI-002,Gradient Boosting,12.1116,14.2317,0.137512,-0.018862,1.0,True
KNI-003,Seasonal Naive,23.5385,29.67,0.212796,-0.109875,2.0,False
KNI-003,8-Week Moving Average,28.7827,39.1929,0.260205,-0.205946,3.0,False
KNI-003,Gradient Boosting,18.8499,22.5917,0.170409,-0.085589,1.0,True
KNI-004,Seasonal Naive,15.5377,19.4298,0.166935,-0.061149,2.0,False
KNI-004,8-Week Moving Average,21.0289,38.0086,0.225932,-0.218149,3.0,False
KNI-004,Gradient Boosting,9.6075,13.4639,0.103222,-0.072207,1.0,True
KNI-005,Seasonal Naive,33.8462,38.3586,0.333333,-0.080303,3.0,False
KNI-005,8-Week Moving Average,27.776,40.7917,0.273551,-0.1966,2.0,False
KNI-005,Gradient Boosting,25.9582,30.9544,0.255649,-0.04216,1.0,True
KNI-006,Seasonal Naive,14.9231,19.7601,0.222732,-0.016073,2.0,False
KNI-006,8-Week Moving Average,16.6115,22.06,0.247933,-0.168054,3.0,False
KNI-006,Gradient Boosting,10.5644,13.7551,0.157678,0.044376,1.0,True
KNI-007,Seasonal Naive,19.0769,21.5977,0.163481,-0.056691,2.0,False
KNI-007,8-Week Moving Average,27.949,38.6591,0.239511,-0.214066,3.0,False
KNI-007,Gradient Boosting,10.2739,15.4251,0.088043,-0.072169,1.0,True
KNI-008,Seasonal Naive,20.0,27.1167,0.202968,-0.149884,2.0,False
KNI-008,8-Week Moving Average,30.3338,47.3163,0.30784,-0.236062,3.0,False
KNI-008,Gradient Boosting,19.645,27.48,0.199365,-0.100511,1.0,True
KNI-009,Seasonal Naive,18.7708,21.7761,0.193665,-0.128586,2.0,False
KNI-009,8-Week Moving Average,22.956,34.4766,0.236846,-0.215356,3.0,False
KNI-009,Gradient Boosting,14.7641,18.4408,0.152326,-0.054316,1.0,True
KNI-010,Seasonal Naive,19.8462,23.1716,0.238447,-0.133087,2.0,False
KNI-010,8-Week Moving Average,19.9385,25.4131,0.239556,-0.194177,3.0,False
KNI-010,Gradient Boosting,11.8847,14.4324,0.142792,-0.045635,1.0,True
OUT-001,Seasonal Naive,7.3846,9.3644,0.169014,-0.066901,2.0,False
OUT-001,8-Week Moving Average,9.4865,11.959,0.217121,-0.138644,3.0,False
OUT-001,Gradient Boosting,6.4191,8.4364,0.146916,0.065874,1.0,True
OUT-002,Seasonal Naive,15.3846,17.9186,0.197044,-0.183251,2.0,False
OUT-002,8-Week Moving Average,17.9885,23.3988,0.230394,-0.200123,3.0,False
OUT-002,Gradient Boosting,12.3349,15.1999,0.157984,-0.079738,1.0,True
OUT-003,Seasonal Naive,9.8462,10.5539,0.216582,-0.081218,2.0,False
OUT-003,8-Week Moving Average,13.325,17.8804,0.293105,-0.22775,3.0,False
OUT-003,Gradient Boosting,5.7996,7.2894,0.127572,-0.00576,1.0,True
OUT-004,Seasonal Naive,7.3092,11.6346,0.18631,-0.037293,2.0,False
OUT-004,8-Week Moving Average,11.0445,17.2073,0.281521,-0.145128,3.0,False
OUT-004,Gradient Boosting,6.3328,8.4382,0.161421,0.037323,1.0,True
OUT-005,Seasonal Naive,18.1538,20.9284,0.369327,-0.015649,3.0,False
OUT-005,8-Week Moving Average,14.1471,20.7427,0.287813,-0.252523,2.0,False
OUT-005,Gradient Boosting,11.3475,13.784,0.230857,-0.042272,1.0,True
OUT-006,Seasonal Naive,12.0769,15.9735,0.284936,-0.103448,2.0,False
OUT-006,8-Week Moving Average,12.3394,15.3777,0.29113,-0.215948,3.0,False
OUT-006,Gradient Boosting,9.3511,11.9225,0.220625,-0.048154,1.0,True
OUT-007,Seasonal Naive,18.3077,21.5692,0.265625,-0.127232,2.0,False
OUT-007,8-Week Moving Average,18.9125,25.6577,0.2744,-0.218234,3.0,False
OUT-007,Gradient Boosting,13.271,16.1209,0.192547,-0.07537,1.0,True
OUT-008,Seasonal Naive,9.8469,11.4968,0.239267,-0.041139,2.0,False
OUT-008,8-Week Moving Average,12.8921,17.3628,0.31326,-0.193531,3.0,False
OUT-008,Gradient Boosting,8.9539,11.3446,0.217567,-0.027516,1.0,True
OUT-009,Seasonal Naive,12.3846,13.9587,0.206675,-0.086008,2.0,False
OUT-009,8-Week Moving Average,13.3,19.0481,0.221951,-0.195924,3.0,False
OUT-009,Gradient Boosting,9.2637,10.5907,0.154593,-0.047853,1.0,True
OUT-010,Seasonal Naive,9.6162,10.6449,0.201304,-0.030612,3.0,False
OUT-010,8-Week Moving Average,9.1933,12.4296,0.192452,-0.149215,2.0,False
OUT-010,Gradient Boosting,7.9816,9.3226,0.167087,0.024179,1.0,True
TOP-001,Seasonal Naive,15.7692,19.6801,0.189114,-0.189114,3.0,False
TOP-001,8-Week Moving Average,14.6288,17.4201,0.175437,0.044786,2.0,False
TOP-001,Gradient Boosting,8.2921,10.6098,0.099444,-0.019025,1.0,True
TOP-002,Seasonal Naive,15.8462,18.7576,0.22367,-0.091205,2.0,False
TOP-002,8-Week Moving Average,22.7202,25.3303,0.320698,0.108184,3.0,False
TOP-002,Gradient Boosting,12.6743,14.5192,0.1789,0.05918,1.0,True
TOP-003,Seasonal Naive,14.2308,15.6917,0.176695,-0.085005,2.0,False
TOP-003,8-Week Moving Average,16.8923,20.767,0.209742,0.033787,3.0,False
TOP-003,Gradient Boosting,9.9994,12.5301,0.124157,-0.001109,1.0,True
TOP-004,Seasonal Naive,16.6154,18.4391,0.200185,-0.163114,2.0,False
TOP-004,8-Week Moving Average,17.6317,25.1337,0.21243,0.013913,3.0,False
TOP-004,Gradient Boosting,11.5234,15.2157,0.138836,-0.013643,1.0,True
TOP-005,Seasonal Naive,17.7692,23.15,0.227586,-0.06601,2.0,False
TOP-005,8-Week Moving Average,22.9163,27.687,0.29351,0.122697,3.0,False
TOP-005,Gradient Boosting,15.1514,18.1675,0.194057,0.051492,1.0,True
TOP-006,Seasonal Naive,13.3077,15.1734,0.136651,-0.084518,2.0,False
TOP-006,8-Week Moving Average,19.8394,22.1282,0.203722,0.106211,3.0,False
TOP-006,Gradient Boosting,9.0733,13.3622,0.093169,0.045594,1.0,True
TOP-007,Seasonal Naive,21.3846,25.0261,0.212701,-0.149962,2.0,False
TOP-007,8-Week Moving Average,24.6394,29.7165,0.245075,0.08685,3.0,False
TOP-007,Gradient Boosting,14.881,17.254,0.148013,-0.006414,1.0,True
TOP-008,Seasonal Naive,16.2315,20.0334,0.202309,-0.175463,2.0,False
TOP-008,8-Week Moving Average,25.916,31.1149,0.323015,0.122753,3.0,False
TOP-008,Gradient Boosting,12.5909,17.9467,0.156932,0.023098,1.0,True
TOP-009,Seasonal Naive,25.1546,29.9988,0.211657,-0.115851,3.0,False
TOP-009,8-Week Moving Average,21.9564,27.5537,0.184746,0.052219,2.0,False
TOP-009,Gradient Boosting,15.8127,18.4889,0.133052,-0.03921,1.0,True
TOP-010,Seasonal Naive,18.7692,21.0311,0.191223,-0.11442,2.0,False
TOP-010,8-Week Moving Average,26.2423,30.5196,0.267359,0.057112,3.0,False
TOP-010,Gradient Boosting,13.9354,16.196,0.141975,-0.006665,1.0,True
