YearMonth,EstimatedDemandUnits,UnitsSold,LostSalesUnits,NetRevenueTRY,GrossProfitTRY,DiscountTRY,AverageDiscountPct,StockoutSalesRows,AverageInventoryValueTRY,AverageWeeksOfSupply,StockoutSKUWeeks,DemandFulfillmentRate,GrossMarginPct
2023-01,17699.0,17699,0.0,28651604.2,16549680.32,1996595.8,0.05739710789766407,0,240922.01093333334,6.5452200000000005,0,1.0,0.577617930377525
2023-02,12969.99,12917,52.99,22550934.0,13622477.07,132406.0,0.006675938803894298,18,156807.3515,4.225633333333334,6,0.9959144147374054,0.604075958450324
2023-03,14104.0,14104,0.0,23120062.2,13338747.74,1771857.8,0.06666666666666667,0,167741.23808333333,4.530204166666667,0,1.0,0.5769339037504839
2023-04,13335.0,13306,29.0,23393850.8,14187238.59,138069.2,0.006666666666666666,6,173826.35666666666,4.7498458333333335,2,0.9978252718410199,0.6064516146268659
2023-05,16480.0,16359,121.0,28676542.0,17473274.31,167088.0,0.0067039106145251395,5,165735.31023333332,4.445623333333333,2,0.9926577669902913,0.6093229201066154
2023-06,14376.0,14220,156.0,23534702.8,13855342.08,1458377.2,0.043333333333333335,18,168979.61108333335,4.7315916666666675,6,0.9891485809682805,0.5887196536002146
2023-07,18454.01,18075,379.01,29625929.6,17141779.74,2581980.4,0.06521252796420582,30,149741.41246666666,4.065196666666666,10,0.9794619164073284,0.5786073203927413
2023-08,13358.99,13198,160.99,23291871.6,14187928.1,135078.4,0.006713286713286713,15,181282.089,4.824158333333333,5,0.9879489392536412,0.6091364551399983
2023-09,14740.0,14345,395.0,23727578.0,13924656.87,1512782.0,0.05666666666666667,24,147113.15245833335,4.157,8,0.973202170963365,0.5868553827954964
2023-10,16883.0,16530,353.0,28775301.0,17467643.54,169719.0,0.006666666666666667,27,166764.76929999999,4.208893333333333,9,0.9790913937096487,0.6070359972950413
2023-11,21184.02,18787,2397.02,25414100.0,12830957.72,6854250.0,0.19154381084840055,101,121504.46770833334,3.0018458333333333,34,0.8868477276739731,0.5048755501867074
2023-12,16824.02,14977,1847.02,22902876.8,12607749.09,3287673.2,0.11916666666666666,81,150860.3878333333,3.7750041666666667,27,0.8902152993160969,0.5504875741199463
2024-01,17843.01,16306,1537.01,26666321.0,15462582.75,1808599.0,0.05733333333333333,102,160321.45746666667,3.8564433333333334,34,0.9138592647765148,0.5798543694872644
2024-02,13302.0,12670,632.0,22030535.8,13339587.26,129384.2,0.006666666666666666,42,154864.91504166665,3.747020833333333,14,0.9524883476168997,0.6055044407953074
2024-03,15062.01,14262,800.01,23272860.4,13486909.42,1773059.6,0.06675938803894298,53,163648.51679166668,3.9361166666666665,18,0.9468855750328143,0.5795123241490333
2024-04,17502.98,16291,1211.98,28271612.8,17191776.23,165587.2,0.006666666666666667,81,142633.2484,3.574196666666667,27,0.9307557912995388,0.6080932259372199
2024-05,14556.97,12917,1639.97,22496532.2,13686633.61,132087.8,0.006694677871148459,92,142610.24433333334,3.5723208333333334,31,0.8873412530217484,0.6083885946652702
2024-06,15853.02,13588,2265.02,21954417.6,12931805.02,1339982.4,0.04322670375521558,105,130636.78966666666,3.3868375,35,0.8571237530767009,0.5890297458858575
2024-07,20346.0,16902,3444.0,26825370.4,15523613.41,2387509.6,0.06533482142857143,145,134989.2518,3.3665333333333334,49,0.8307283987024476,0.5786914841630668
2024-08,14805.02,12444,2361.02,21141028.4,12903139.7,126111.6,0.006675938803894298,120,131556.84991666666,3.241625,40,0.8405257135755304,0.6103364252611287
2024-09,19920.01,16929,2991.01,27765102.2,16395063.39,1451257.8,0.046585094549499446,146,133496.55743333334,3.3435966666666666,49,0.849848970959352,0.5904917357012286
2024-10,14871.0,12729,2142.0,21863681.2,13248320.18,128018.8,0.006666666666666666,114,122716.42158333333,2.97835,38,0.8559612668952996,0.6059510317045786
2024-11,23400.98,18821,4579.98,24960836.6,12548139.75,6835543.4,0.19165969316596934,168,112998.21725,2.5204166666666667,57,0.8042825556878387,0.5027131081816384
2024-12,22522.99,17374,5148.99,26137949.7,14763345.6,3027180.3,0.09666666666666666,228,121773.11836666666,2.74844,76,0.7713895890376898,0.5648241644599997
2025-01,16688.99,12805,3883.99,20839552.0,11941285.81,1697528.0,0.06999999999999999,180,124971.77225,2.8578791666666663,60,0.7672723154606719,0.5730106774848135
2025-02,15317.98,12623,2694.98,22055447.6,13331233.98,126082.4,0.006666666666666666,129,127807.393125,2.8024625,43,0.824064269570792,0.6044417788193063
2025-03,21810.99,17816,3994.99,28766428.8,16491323.62,2578861.2,0.07862068965517242,170,125906.30616666668,2.8675466666666667,57,0.8168359162055459,0.573283661126542
2025-04,15782.01,12883,2899.01,22483145.4,13660658.42,127634.6,0.006666666666666666,144,125062.798,2.915766666666667,48,0.8163092026934465,0.6075955199755991
2025-05,15823.02,12750,3073.02,22465750.8,13704808.42,132169.2,0.006685236768802228,132,123158.81995833333,2.7643666666666666,44,0.8057880227668296,0.6100311777694961
2025-06,21352.0,16948,4404.0,27659127.0,16062221.77,2338613.0,0.06533333333333334,183,131776.9002,3.07248,61,0.7937429748969651,0.580720489478934
2025-07,16529.96,12363,4166.96,20182863.2,11950329.58,1041666.8,0.04339360222531293,165,117580.614625,2.6574625000000003,55,0.7479146954983558,0.5921027884685856
2025-08,15505.0,12671,2834.0,22554720.4,13736869.92,131889.6,0.006666666666666666,117,130035.05333333333,3.0464125,39,0.8172202515317639,0.6090463404724805
2025-09,21154.97,17187,3967.97,28666390.4,16948521.09,1475529.6,0.04665178571428571,186,123653.41366666667,2.6570366666666665,62,0.8124332012761067,0.5912331777216011
2025-10,15728.01,13073,2655.0099999999998,22854291.0,13846506.36,133909.0,0.006666666666666666,123,122271.72220833333,2.6914833333333332,41,0.8311922487333108,0.6058602456755277
2025-11,25930.01,19582,6348.01,26242703.4,13185081.4,7158616.6,0.1911173184357542,197,99324.634375,2.0583,67,0.7551867507956997,0.5024284731275056
2025-12,25831.97,19302,6529.97,29902337.2,16843510.84,3414282.8,0.09690848214285715,261,128591.13979999999,2.6812766666666668,88,0.747213627144968,0.5632840913853383
