SKU,ProductName,Category,Segment,SupplierID,EstimatedDemandUnits,UnitsSold,LostSalesUnits,NetRevenueTRY,GrossProfitTRY,ChampionModel,ChampionWAPE,ChampionBias,ProjectedWeeksOfSupply,RecommendedOrderQty,RecommendedInvestmentTRY,Action,DemandFulfillmentRate,GrossMarginPct
DRE-006,Ribbed Dresse,Dresses,Core,SUP-001,14627.0,14237,390.0,41960047.5,23186000.34,Gradient Boosting,0.161884,-0.047043,7.209,0,0.0,HEALTHY,0.973336979558351,0.552573262458771
DRE-004,Linen Dresse,Dresses,Core,SUP-007,14404.98,13960,444.98,40996456.8,22100340.4,Gradient Boosting,0.162361,-0.104806,9.856,0,0.0,HEALTHY,0.9691092941468853,0.5390792796513088
DRE-010,Signature Dresse,Dresses,Core,SUP-005,12573.01,11803,770.01,34448599.2,22192718.09,Gradient Boosting,0.122755,-0.008736,8.349,120,124604.4,HEALTHY,0.9387569086479689,0.6442270108329977
DRE-002,Midi Dresse,Dresses,Trend,SUP-005,10719.0,9871,848.0,29608750.6,17330213.7,Seasonal Naive,0.167027,-0.123164,5.389,336,417950.4,ORDER NOW,0.920888142550611,0.5853071591612514
OUT-007,Quilted Outerwear,Outerwear,Trend,SUP-006,7051.0,6791,260.0,28671094.8,15072117.3,Gradient Boosting,0.192547,-0.07537,4.943,160,320400.0,HEALTHY,0.963125797759183,0.525690330457838
TOP-006,Oxford Top,Tops,Premium,SUP-007,14777.99,14220,557.99,24952270.2,15444493.8,Gradient Boosting,0.093169,0.045594,8.23,48,32093.76,HEALTHY,0.9622418204370148,0.6189614682835552
DRE-008,Minimal Dresse,Dresses,Premium,SUP-003,9127.98,8907,220.98000000000002,24411900.8,15520488.05,Gradient Boosting,0.160447,0.051363,1.662,370,369352.5,ORDER NOW,0.9757909197872914,0.6357754841441925
DRE-007,Floral Dresse,Dresses,Core,SUP-002,8205.01,7965,240.01,23599957.5,13730446.35,Seasonal Naive,0.218898,-0.004724,7.148,24,29738.64,HEALTHY,0.970748359843559,0.5817996218849123
OUT-002,Wool Outerwear,Outerwear,Premium,SUP-001,7647.01,7385,262.01,22669481.8,12237504.65,Gradient Boosting,0.157984,-0.079738,6.504,0,0.0,HEALTHY,0.9657369350896625,0.5398228666170922
BOT-006,Cargo Bottom,Bottoms,Core,SUP-001,12581.98,12543,38.980000000000004,21732736.8,12253740.84,Gradient Boosting,0.149196,-0.043275,1.927,344,259967.68,MONITOR,0.9969019184579851,0.5638379074282075
DRE-003,Wrap Dresse,Dresses,Core,SUP-006,9444.99,9170,274.99,21228810.2,12176277.9,Gradient Boosting,0.141512,0.026989,2.261,424,418568.56,ORDER NOW,0.9708850935787121,0.57357326130317
TOP-008,Relaxed Top,Tops,Core,SUP-001,12159.02,12011,148.02,19977618.3,11604509.98,Gradient Boosting,0.156932,0.023098,3.168,264,184039.68,HEALTHY,0.9878263215292021,0.5808755481127598
OUT-010,Storm Outerwear,Outerwear,Core,SUP-001,5216.98,5125,91.98,19690848.8,11041130.05,Gradient Boosting,0.167087,0.024179,6.976,0,0.0,HEALTHY,0.9823691100981795,0.560723926233185
KNI-003,Soft Knitwear,Knitwear,Core,SUP-008,10933.0,10729,204.0,19606759.9,10990300.0,Gradient Boosting,0.170409,-0.085589,6.208,0,0.0,HEALTHY,0.9813408945394677,0.5605362668821176
KNI-002,Cable Knitwear,Knitwear,Trend,SUP-007,9112.98,8542,570.98,18817389.2,10455283.72,Gradient Boosting,0.137512,-0.018862,6.812,144,140967.36,HEALTHY,0.9373443154708998,0.5556181895839196
BOT-007,Cropped Bottom,Bottoms,Trend,SUP-002,10223.99,10143,80.99000000000001,18272928.0,10928280.27,Gradient Boosting,0.175039,-0.055396,6.936,16,11585.76,HEALTHY,0.9920784351314897,0.598058519685515
BOT-004,Satin Bottom,Bottoms,Core,SUP-007,8665.99,8421,244.99,18035172.7,9997580.83,Gradient Boosting,0.153544,0.035513,3.75,336,320701.92,ORDER NOW,0.9717297158201198,0.554337959292178
OUT-009,Urban Outerwear,Outerwear,Core,SUP-008,6281.99,6255,26.990000000000002,16971302.8,9129722.05,Gradient Boosting,0.154593,-0.047853,0.995,232,290846.8,ORDER NOW,0.9957035907411506,0.5379505720680442
TOP-002,Cotton Top,Tops,Core,SUP-003,11167.0,11016,151.0,16331986.0,10232757.28,Gradient Boosting,0.1789,0.05918,6.154,30,16610.1,HEALTHY,0.9864780155816244,0.6265470274098937
TOP-004,Draped Top,Tops,Core,SUP-005,12228.0,11605,623.0,16250550.9,10365655.4,Gradient Boosting,0.138836,-0.013643,8.281,140,70994.0,HEALTHY,0.949051357540072,0.6378648615537089
TOP-005,Bodysuit Top,Tops,Core,SUP-006,12592.0,12278,314.0,16244511.3,9695303.32,Gradient Boosting,0.194057,0.051492,2.897,444,236834.04,ORDER NOW,0.9750635324015248,0.5968356413405924
TOP-009,Studio Top,Tops,Trend,SUP-002,17811.0,17433,378.0,16059563.8,10050757.36,Gradient Boosting,0.133052,-0.03921,5.949,128,44119.04,HEALTHY,0.9787771601819101,0.6258424877019386
BOT-008,Relaxed Bottom,Bottoms,Premium,SUP-003,8451.0,8405,46.0,15282222.5,8480812.45,Gradient Boosting,0.169255,-0.014649,6.627,0,0.0,HEALTHY,0.9945568571766655,0.5549462749937059
BOT-009,Classic Bottom,Bottoms,Core,SUP-004,7066.01,7048,18.01,15035730.9,8635512.58,Seasonal Naive,0.159102,-0.097606,3.837,96,87176.64,HEALTHY,0.9974511782462804,0.5743327436114196
ACC-007,Everyday Accessorie,Accessories,Trend,SUP-004,11879.01,11762,117.01,14560321.3,9656273.02,Gradient Boosting,0.132096,0.007766,5.858,0,0.0,HEALTHY,0.990149852555053,0.6631909297221346
BOT-003,Straight Bottom,Bottoms,Premium,SUP-006,11366.99,11194,172.99,14345388.8,8457792.56,Gradient Boosting,0.151531,-0.070327,8.148,0,0.0,HEALTHY,0.9847813713216955,0.5895826650581962
OUT-006,Belted Outerwear,Outerwear,Core,SUP-005,4452.0,4127,325.0,13982905.2,6496403.39,Gradient Boosting,0.220625,-0.048154,7.967,100,181403.0,HEALTHY,0.9269991015274034,0.46459611197249623
DRE-001,Satin Dresse,Dresses,Premium,SUP-004,13854.0,5213,8641.0,13856812.5,7982022.15,Gradient Boosting,0.188583,-0.01009,6.27,0,0.0,HEALTHY,0.37628121842067275,0.5760359498261235
BOT-002,Wide-Leg Bottom,Bottoms,Trend,SUP-005,11882.01,11455,427.01,13479762.5,7766352.15,Gradient Boosting,0.177453,-0.072764,8.095,152,75813.04,HEALTHY,0.9640624776447756,0.5761490345249035
OUT-004,Tailored Outerwear,Outerwear,Core,SUP-003,4335.01,4170,165.01,13297226.8,6810791.8,Gradient Boosting,0.161421,0.037323,7.105,0,0.0,HEALTHY,0.9619354972652888,0.5121964077502235
TOP-001,Silk Top,Tops,Trend,SUP-002,11745.99,11599,146.99,12711933.0,8027792.84,Gradient Boosting,0.099444,-0.019025,8.074,0,0.0,HEALTHY,0.9874859420108479,0.6315162957514014
ACC-009,Classic Accessorie,Accessories,Premium,SUP-006,11365.99,10717,648.99,12026928.0,7837224.02,Gradient Boosting,0.135296,-0.022026,5.723,180,70369.2,HEALTHY,0.9429007064056892,0.6516397221302065
KNI-004,Ribbed Knitwear,Knitwear,Core,SUP-001,9072.99,8763,309.99,11888108.4,6420522.18,Gradient Boosting,0.103222,-0.072207,6.402,0,0.0,HEALTHY,0.9658337549143117,0.5400793771362313
OUT-008,Classic Outerwear,Outerwear,Core,SUP-007,4393.02,4165,228.01999999999998,11800638.0,6216372.600000001,Gradient Boosting,0.217567,-0.027516,5.768,114,152846.64,MONITOR,0.9480949324155136,0.5267827553052641
ACC-010,Luxe Accessorie,Accessories,Core,SUP-007,13040.99,11988,1052.99,11554694.5,7497236.0200000005,Gradient Boosting,0.151957,-0.011391,5.872,272,92061.12,MONITOR,0.9192553632814687,0.648847619467568
ACC-001,Leather Accessorie,Accessories,Premium,SUP-006,12889.99,12346,543.99,11069107.2,6916777.02,Gradient Boosting,0.168206,-0.000983,6.204,170,57176.1,HEALTHY,0.9577974847148835,0.6248721685521303
TOP-003,Linen Top,Tops,Trend,SUP-004,12243.0,12226,17.0,11008963.2,6807498.3,Gradient Boosting,0.124157,-0.001109,1.252,354,121652.1,ORDER NOW,0.9986114514416401,0.6183596199140715
KNI-001,Merino Knitwear,Knitwear,Core,SUP-006,11741.0,10995,746.0,10981634.7,6312058.2,Gradient Boosting,0.160181,-0.074503,4.266,296,125711.2,MONITOR,0.9364619708713057,0.5747831149400736
ACC-004,Minimal Accessorie,Accessories,Core,SUP-001,11809.01,11270,539.01,10734765.6,7110108.2,Gradient Boosting,0.114769,-0.037512,5.153,72,23156.64,HEALTHY,0.9543560383131185,0.6623440571445733
KNI-009,Crew Knitwear,Knitwear,Trend,SUP-006,9631.0,9174,457.0,10493511.3,6422090.1,Gradient Boosting,0.152326,-0.054316,3.32,336,149116.8,ORDER NOW,0.9525490603260305,0.6120058306889133
ACC-008,Statement Accessorie,Accessories,Trend,SUP-005,14091.01,12759,1332.01,10267221.8,6661911.17,Gradient Boosting,0.177239,-0.091563,8.88,132,37299.24,HEALTHY,0.9054709350145944,0.6488523672489475
TOP-010,Signature Top,Tops,Core,SUP-003,15166.0,15050,116.0,9985170.2,6307853.2,Gradient Boosting,0.141975,-0.006665,4.789,184,44958.56,HEALTHY,0.9923513121455888,0.6317221513159587
BOT-010,Studio Bottom,Bottoms,Core,SUP-005,8205.99,7884,321.99,9668529.0,5354246.5200000005,Gradient Boosting,0.164651,-0.006602,7.886,140,76610.8,HEALTHY,0.9607615900092493,0.553780882283127
KNI-005,Mockneck Knitwear,Knitwear,Trend,SUP-002,10431.0,9795,636.0,9284896.8,5464259.1,Gradient Boosting,0.255649,-0.04216,6.862,64,24963.84,HEALTHY,0.9390278976128846,0.5885104829598106
OUT-005,Cropped Outerwear,Outerwear,Trend,SUP-004,5089.0,5069,20.0,9266604.2,5278416.38,Gradient Boosting,0.230857,-0.042272,2.858,112,88119.36,HEALTHY,0.9960699548044802,0.569617118210358
KNI-007,Fine Knitwear,Knitwear,Trend,SUP-004,11746.0,5363,6383.0,9181238.1,5337629.63,Gradient Boosting,0.088043,-0.072169,5.893,0,0.0,HEALTHY,0.4565809637323344,0.5813627281923992
DRE-009,Pleated Dresse,Dresses,Core,SUP-004,10796.01,5114,5682.01,9059268.8,5089577.44,Gradient Boosting,0.18373,-0.001323,5.896,0,0.0,HEALTHY,0.47369352195857545,0.5618088559200275
OUT-003,Puffer Outerwear,Outerwear,Trend,SUP-002,4628.99,4375,253.99,9037109.9,4651741.15,Gradient Boosting,0.127572,-0.00576,5.571,60,60142.2,HEALTHY,0.945130579240828,0.5147376983874015
KNI-008,Oversized Knitwear,Knitwear,Core,SUP-005,9921.97,8834,1087.97,8910367.2,4977470.4,Gradient Boosting,0.199365,-0.100511,4.625,444,197668.8,ORDER NOW,0.890347380610907,0.5586156314635384
DRE-005,Evening Dresse,Dresses,Trend,SUP-008,12521.01,4498,8023.01,8766139.2,5445895.52,Gradient Boosting,0.149879,-0.042041,6.117,0,0.0,HEALTHY,0.3592361958020958,0.6212421906327931
ACC-006,Structured Accessorie,Accessories,Premium,SUP-003,16678.02,16300,378.02,8185860.0,5349660.0,Gradient Boosting,0.177324,-0.130059,6.6,32,5568.0,HEALTHY,0.9773342399157694,0.6535244922341696
KNI-006,Cardigan Knitwear,Knitwear,Premium,SUP-003,7061.01,6954,107.01,7362701.4,4145155.14,Gradient Boosting,0.157678,0.044376,2.869,220,101791.8,MONITOR,0.9848449442785097,0.5629937864925502
ACC-005,Signature Accessorie,Accessories,Core,SUP-002,9838.0,9322,516.0,7322498.4,4451788.5,Gradient Boosting,0.136134,0.031108,4.593,228,70212.6,HEALTHY,0.9475503151046961,0.6079603240336658
BOT-005,Pleated Bottom,Bottoms,Core,SUP-008,11213.0,4630,6583.0,7241833.5,4231916.8,Seasonal Naive,0.167832,-0.09965,6.468,0,0.0,HEALTHY,0.4129135824489432,0.5843709055172285
KNI-010,Essential Knitwear,Knitwear,Core,SUP-007,8579.0,7897,682.0,7085587.2,4095072.27,Gradient Boosting,0.142792,-0.045635,3.522,354,134056.26,ORDER NOW,0.9205035551929129,0.5779439521963684
ACC-002,Silk Accessorie,Accessories,Premium,SUP-007,10428.0,9545,883.0,6920991.0,4568721.2,Seasonal Naive,0.17052,-0.080925,8.801,48,11829.12,HEALTHY,0.9153241273494438,0.660125291305826
TOP-007,Essential Top,Tops,Core,SUP-008,15375.0,9359,6016.0,6094887.3,3834501.62,Gradient Boosting,0.148013,-0.006414,6.161,0,0.0,HEALTHY,0.6087154471544716,0.6291341301749748
ACC-003,Chain Accessorie,Accessories,Trend,SUP-008,11253.01,2773,8480.01,3803800.0,2554119.82,Gradient Boosting,0.096063,0.02714,5.481,0,0.0,HEALTHY,0.24642295705771167,0.6714653294074346
BOT-001,Tailored Bottom,Bottoms,Core,SUP-004,11334.0,2142,9192.0,3747243.0,1988703.84,Gradient Boosting,0.103302,0.021691,5.886,0,0.0,HEALTHY,0.18898888300688194,0.5307112028763548
OUT-001,Trench Outerwear,Outerwear,Core,SUP-008,4722.0,1063,3659.0,1883019.2,992841.74,Gradient Boosting,0.146916,0.065874,5.068,60,50245.2,HEALTHY,0.22511647606946208,0.5272605505031495
